"id","farmer","village","district","mandal","crop","acreage","health","risk","confidence","lat","lng","ndvi","evi","ndre","analytics","outline","geometry"
"AND-GUN-000228","Prasad Nimmagadda","R F","Guntur","Mangalagiri","Paddy (Rice)",6.2,70.67,"Medium",98.6,16.44864893150663,80.58851936309777,0.63,0.41,0.29,"{""pH"": 8.76, ""EC"": 2.37, ""Organic_Carbon"": 0.67, ""Nitrogen"": 378.0, ""Phosphorus"": 67.0, ""Potassium"": 432.0, ""Zinc"": 3.21, ""Iron"": 8.53, ""Copper"": 0.84, ""Boron"": 0.53, ""Soil_Type"": ""Loamy"", ""Irrigation_Type"": ""Drip"", ""Crop_Season"": ""Rabi"", ""Survey_Number"": ""AP-000228""}",NULL,NULL
"AND-GUN-000238","Lakshmi Chowdary","SIRIPURAM","Guntur","Medikonduru","Jowar (Sorghum)",0.85,52.83,"High",98.4,16.284045687260303,80.69527078235997,0.45,0.47,0.34,"{""pH"": 8.04, ""EC"": 0.2, ""Organic_Carbon"": 0.23, ""Nitrogen"": 233.0, ""Phosphorus"": 18.0, ""Potassium"": 155.0, ""Zinc"": 1.33, ""Iron"": 13.54, ""Copper"": 0.41, ""Boron"": 0.28, ""Soil_Type"": ""Sandy"", ""Irrigation_Type"": ""Canal"", ""Crop_Season"": ""Rabi"", ""Survey_Number"": ""AP-000238""}",NULL,NULL
"AND-GUN-002407","Kiran Kodali","PEDDAKONDURU","Guntur","Duggirala","Onion",5.79,69.3,"Medium",92.3,16.381796122011977,80.68813889503693,0.45,0.34,0.48,"{""pH"": 6.33, ""EC"": 0.72, ""Organic_Carbon"": 1.41, ""Nitrogen"": 268.0, ""Phosphorus"": 41.0, ""Potassium"": 87.0, ""Zinc"": 3.06, ""Iron"": 13.41, ""Copper"": 1.28, ""Boron"": 1.25, ""Soil_Type"": ""Clay"", ""Irrigation_Type"": ""Rainfed"", ""Crop_Season"": ""Kharif"", ""Survey_Number"": ""AP-002407""}",NULL,NULL
"AND-GUN-007053","Bhavani Konidela","PEDDAKONDURU","Guntur","Duggirala","Sunflower",13.98,96.6,"Low",96.3,16.37990398114966,80.69790840007533,0.75,0.2,0.41,"{""pH"": 7.15, ""EC"": 2.23, ""Organic_Carbon"": 0.6, ""Nitrogen"": 181.0, ""Phosphorus"": 26.0, ""Potassium"": 309.0, ""Zinc"": 0.51, ""Iron"": 12.45, ""Copper"": 0.43, ""Boron"": 2.25, ""Soil_Type"": ""Clay"", ""Irrigation_Type"": ""Borewell"", ""Crop_Season"": ""Rabi"", ""Survey_Number"": ""AP-007053""}",NULL,NULL
"AND-GUN-005744","Bhavani Uppalapati","R F","Guntur","Mangalagiri","Jowar (Sorghum)",14.88,99.6,"Low",90.3,16.45343368419989,80.58585557715547,0.6,0.57,0.33,"{""pH"": 6.43, ""EC"": 2.91, ""Organic_Carbon"": 0.85, ""Nitrogen"": 142.0, ""Phosphorus"": 7.0, ""Potassium"": 427.0, ""Zinc"": 0.27, ""Iron"": 12.03, ""Copper"": 1.55, ""Boron"": 2.38, ""Soil_Type"": ""Sandy"", ""Irrigation_Type"": ""Canal"", ""Crop_Season"": ""Rabi"", ""Survey_Number"": ""AP-005744""}",NULL,NULL
"AND-GUN-007349","Ramesh Dasari","R F","Guntur","Tadepalle","Green Gram (Moong)",10.75,85.83,"Low",95.8,16.446810831739686,80.57695545062077,0.39,0.22,0.36,"{""pH"": 5.77, ""EC"": 2.43, ""Organic_Carbon"": 0.76, ""Nitrogen"": 264.0, ""Phosphorus"": 77.0, ""Potassium"": 127.0, ""Zinc"": 3.34, ""Iron"": 7.98, ""Copper"": 0.93, ""Boron"": 1.12, ""Soil_Type"": ""Sandy"", ""Irrigation_Type"": ""Sprinkler"", ""Crop_Season"": ""Kharif"", ""Survey_Number"": ""AP-007349""}",NULL,NULL
"AND-GUN-008343","Srinivas Reddy","R F","Guntur","Tadepalle","Bengal Gram (Chickpea)",3.11,60.37,"Medium",93.6,16.43750578856298,80.58029943337209,0.45,0.37,0.28,"{""pH"": 7.97, ""EC"": 1.65, ""Organic_Carbon"": 1.34, ""Nitrogen"": 237.0, ""Phosphorus"": 16.0, ""Potassium"": 495.0, ""Zinc"": 2.69, ""Iron"": 7.57, ""Copper"": 0.78, ""Boron"": 0.21, ""Soil_Type"": ""Sandy"", ""Irrigation_Type"": ""Canal"", ""Crop_Season"": ""Rabi"", ""Survey_Number"": ""AP-008343""}",NULL,NULL
"AND-GUN-001797","Narasimha Daggubati","SIRIPURAM","Guntur","Kollipara","Bengal Gram (Chickpea)",10.89,86.3,"Low",86.8,16.27704328888826,80.6972183677739,0.63,0.21,0.26,"{""pH"": 5.66, ""EC"": 0.97, ""Organic_Carbon"": 0.21, ""Nitrogen"": 116.0, ""Phosphorus"": 40.0, ""Potassium"": 161.0, ""Zinc"": 1.7, ""Iron"": 3.64, ""Copper"": 0.31, ""Boron"": 0.89, ""Soil_Type"": ""Sandy"", ""Irrigation_Type"": ""Borewell"", ""Crop_Season"": ""Kharif"", ""Survey_Number"": ""AP-001797""}",NULL,NULL
"AND-GUN-003296","Ramakrishna Pothineni","SIRIPURAM","Guntur","Medikonduru","Jowar (Sorghum)",1.47,54.9,"High",89.2,16.28496667890895,80.69523256021105,0.43,0.35,0.27,"{""pH"": 6.27, ""EC"": 2.8, ""Organic_Carbon"": 0.83, ""Nitrogen"": 434.0, ""Phosphorus"": 62.0, ""Potassium"": 197.0, ""Zinc"": 0.44, ""Iron"": 7.88, ""Copper"": 0.11, ""Boron"": 1.05, ""Soil_Type"": ""Clay Loam"", ""Irrigation_Type"": ""Rainfed"", ""Crop_Season"": ""Zaid"", ""Survey_Number"": ""AP-003296""}",NULL,NULL
"AND-GUN-005297","Ramakrishna Raju","SIRIPURAM","Guntur","Medikonduru","Tomato",7.28,74.27,"Medium",93.7,16.281961961302542,80.69339063525203,0.65,0.21,0.21,"{""pH"": 5.59, ""EC"": 2.34, ""Organic_Carbon"": 0.39, ""Nitrogen"": 207.0, ""Phosphorus"": 75.0, ""Potassium"": 249.0, ""Zinc"": 0.8, ""Iron"": 6.86, ""Copper"": 0.97, ""Boron"": 0.88, ""Soil_Type"": ""Clay Loam"", ""Irrigation_Type"": ""Rainfed"", ""Crop_Season"": ""Kharif"", ""Survey_Number"": ""AP-005297""}",NULL,NULL
"AND-GUN-007390","Anand Golla","SIRIPURAM","Guntur","Kollipara","Black Gram (Urad)",6.65,72.17,"Medium",88.6,16.277510389652658,80.69359831493327,0.79,0.35,0.29,"{""pH"": 5.33, ""EC"": 0.4, ""Organic_Carbon"": 0.34, ""Nitrogen"": 121.0, ""Phosphorus"": 49.0, ""Potassium"": 556.0, ""Zinc"": 1.95, ""Iron"": 11.36, ""Copper"": 1.72, ""Boron"": 1.89, ""Soil_Type"": ""Sandy"", ""Irrigation_Type"": ""Rainfed"", ""Crop_Season"": ""Rabi"", ""Survey_Number"": ""AP-007390""}",NULL,NULL
"AND-GUN-009824","Kiran Akkineni","SIRIPURAM","Guntur","Kollipara","Bengal Gram (Chickpea)",3.38,61.27,"Medium",89.2,16.291178926739104,80.69492450205186,0.47,0.25,0.26,"{""pH"": 6.8, ""EC"": 1.52, ""Organic_Carbon"": 0.37, ""Nitrogen"": 413.0, ""Phosphorus"": 68.0, ""Potassium"": 541.0, ""Zinc"": 0.99, ""Iron"": 2.66, ""Copper"": 1.76, ""Boron"": 1.3, ""Soil_Type"": ""Loamy"", ""Irrigation_Type"": ""Borewell"", ""Crop_Season"": ""Rabi"", ""Survey_Number"": ""AP-009824""}",NULL,NULL
"AND-GUN-001669","Siva Yarlagadda","MULUKUDURU","Guntur","Ponnur","Cotton",2.19,57.3,"High",95.4,16.016019715161214,80.53040855733286,0.43,0.31,0.37,"{""pH"": 8.19, ""EC"": 1.0, ""Organic_Carbon"": 0.75, ""Nitrogen"": 329.0, ""Phosphorus"": 6.0, ""Potassium"": 383.0, ""Zinc"": 1.68, ""Iron"": 10.32, ""Copper"": 1.54, ""Boron"": 2.26, ""Soil_Type"": ""Silty Loam"", ""Irrigation_Type"": ""Borewell"", ""Crop_Season"": ""Rabi"", ""Survey_Number"": ""AP-001669""}",NULL,NULL
"AND-GUN-008913","Prakash Allu","MULUKUDURU","Guntur","Ponnur","Coconut",13.15,93.83,"Low",88.4,16.019554833761617,80.52899106592463,0.61,0.38,0.35,"{""pH"": 7.23, ""EC"": 2.22, ""Organic_Carbon"": 1.09, ""Nitrogen"": 186.0, ""Phosphorus"": 57.0, ""Potassium"": 528.0, ""Zinc"": 0.89, ""Iron"": 4.5, ""Copper"": 1.66, ""Boron"": 1.97, ""Soil_Type"": ""Clay"", ""Irrigation_Type"": ""Borewell"", ""Crop_Season"": ""Rabi"", ""Survey_Number"": ""AP-008913""}",NULL,NULL
"AND-GUN-006794","Ramu Mekapati","RETURU","Guntur","Kakumanu","Ragi (Finger Millet)",5.1,67.0,"Medium",87.5,15.985806797620773,80.44002842386422,0.33,0.44,0.21,"{""pH"": 7.03, ""EC"": 2.88, ""Organic_Carbon"": 0.68, ""Nitrogen"": 152.0, ""Phosphorus"": 38.0, ""Potassium"": 526.0, ""Zinc"": 1.93, ""Iron"": 7.94, ""Copper"": 1.75, ""Boron"": 0.94, ""Soil_Type"": ""Loamy"", ""Irrigation_Type"": ""Canal"", ""Crop_Season"": ""Rabi"", ""Survey_Number"": ""AP-006794""}",NULL,NULL
"AND-GUN-001321","Lakshmi Kothapalli","KONDAPATURU","Guntur","Kakumanu","Jowar (Sorghum)",4.08,63.6,"Medium",85.3,16.0276651255433,80.41589627350113,0.57,0.34,0.31,"{""pH"": 6.78, ""EC"": 0.96, ""Organic_Carbon"": 1.46, ""Nitrogen"": 284.0, ""Phosphorus"": 61.0, ""Potassium"": 342.0, ""Zinc"": 1.93, ""Iron"": 13.46, ""Copper"": 0.56, ""Boron"": 2.19, ""Soil_Type"": ""Clay Loam"", ""Irrigation_Type"": ""Sprinkler"", ""Crop_Season"": ""Zaid"", ""Survey_Number"": ""AP-001321""}",NULL,NULL
"AND-GUN-001780","Gopi Pothineni","KONDAPATURU","Guntur","Kakumanu","Sesame (Til)",12.69,92.3,"Low",85.6,16.024810176778626,80.39048171737815,0.5,0.42,0.45,"{""pH"": 5.4, ""EC"": 2.97, ""Organic_Carbon"": 1.11, ""Nitrogen"": 274.0, ""Phosphorus"": 60.0, ""Potassium"": 542.0, ""Zinc"": 1.35, ""Iron"": 10.62, ""Copper"": 0.86, ""Boron"": 0.98, ""Soil_Type"": ""Loamy"", ""Irrigation_Type"": ""Rainfed"", ""Crop_Season"": ""Kharif"", ""Survey_Number"": ""AP-001780""}",NULL,NULL
"AND-GUN-005484","Saraswathi Chowdary","BODIPALEM","Guntur","Kakumanu","Oil Palm",11.04,86.8,"Low",97.9,16.012957765997687,80.4902184091179,0.68,0.44,0.36,"{""pH"": 8.07, ""EC"": 1.43, ""Organic_Carbon"": 0.45, ""Nitrogen"": 144.0, ""Phosphorus"": 51.0, ""Potassium"": 238.0, ""Zinc"": 1.78, ""Iron"": 11.84, ""Copper"": 0.39, ""Boron"": 0.3, ""Soil_Type"": ""Clay Loam"", ""Irrigation_Type"": ""Drip"", ""Crop_Season"": ""Zaid"", ""Survey_Number"": ""AP-005484""}",NULL,NULL
"AND-GUN-008330","Babu Ghattamaneni","VADDIMUKKALA","Guntur","Ponnur","Onion",7.24,74.13,"Medium",91.4,16.03825527699429,80.5495259668962,0.58,0.58,0.3,"{""pH"": 6.87, ""EC"": 1.31, ""Organic_Carbon"": 0.51, ""Nitrogen"": 130.0, ""Phosphorus"": 63.0, ""Potassium"": 205.0, ""Zinc"": 2.41, ""Iron"": 7.13, ""Copper"": 0.47, ""Boron"": 1.31, ""Soil_Type"": ""Clay"", ""Irrigation_Type"": ""Drip"", ""Crop_Season"": ""Rabi"", ""Survey_Number"": ""AP-008330""}",NULL,NULL
"AND-GUN-000861","Saraswathi Nandamuri","APPAPURAM","Guntur","Kakumanu","Sunflower",11.75,89.17,"Low",97.0,16.014295938171696,80.44369776762545,0.34,0.42,0.47,"{""pH"": 5.49, ""EC"": 2.31, ""Organic_Carbon"": 0.37, ""Nitrogen"": 267.0, ""Phosphorus"": 41.0, ""Potassium"": 514.0, ""Zinc"": 2.17, ""Iron"": 8.94, ""Copper"": 0.76, ""Boron"": 1.71, ""Soil_Type"": ""Loamy"", ""Irrigation_Type"": ""Canal"", ""Crop_Season"": ""Rabi"", ""Survey_Number"": ""AP-000861""}",NULL,NULL
"AND-GUN-003861","Krishna Kothapalli","KAKUMANU","Guntur","Kakumanu","Banana",12.31,91.03,"Low",89.0,16.04196384310051,80.39621836275808,0.37,0.51,0.26,"{""pH"": 5.57, ""EC"": 0.75, ""Organic_Carbon"": 0.9, ""Nitrogen"": 445.0, ""Phosphorus"": 50.0, ""Potassium"": 149.0, ""Zinc"": 0.55, ""Iron"": 3.56, ""Copper"": 0.56, ""Boron"": 1.93, ""Soil_Type"": ""Silty Loam"", ""Irrigation_Type"": ""Drip"", ""Crop_Season"": ""Rabi"", ""Survey_Number"": ""AP-003861""}",NULL,NULL
"AND-GUN-004912","Appa Rao Pothineni","KAKUMANU","Guntur","Kakumanu","Sweet Orange",8.53,78.43,"Medium",93.4,16.045763745909237,80.38204089363701,0.44,0.3,0.21,"{""pH"": 8.53, ""EC"": 0.85, ""Organic_Carbon"": 0.47, ""Nitrogen"": 147.0, ""Phosphorus"": 59.0, ""Potassium"": 176.0, ""Zinc"": 2.96, ""Iron"": 9.02, ""Copper"": 1.22, ""Boron"": 0.37, ""Soil_Type"": ""Sandy Loam"", ""Irrigation_Type"": ""Rainfed"", ""Crop_Season"": ""Rabi"", ""Survey_Number"": ""AP-004912""}",NULL,NULL
"AND-GUN-003693","Nageswara Rao Yarlagadda","PEDDA NANDIPADU","Guntur","Pedanandipadu","Green Gram (Moong)",11.74,89.13,"Low",92.0,16.053468512524667,80.32433342815905,0.62,0.25,0.29,"{""pH"": 8.52, ""EC"": 2.22, ""Organic_Carbon"": 0.21, ""Nitrogen"": 443.0, ""Phosphorus"": 21.0, ""Potassium"": 434.0, ""Zinc"": 2.64, ""Iron"": 14.25, ""Copper"": 1.23, ""Boron"": 2.17, ""Soil_Type"": ""Clay Loam"", ""Irrigation_Type"": ""Borewell"", ""Crop_Season"": ""Kharif"", ""Survey_Number"": ""AP-003693""}",NULL,NULL
"AND-GUN-009342","Venkata Naidu","PEDDA NANDIPADU","Guntur","Pedanandipadu","Green Gram (Moong)",8.35,77.83,"Medium",97.2,16.033038781492337,80.32728071963957,0.45,0.42,0.34,"{""pH"": 6.79, ""EC"": 0.95, ""Organic_Carbon"": 0.51, ""Nitrogen"": 426.0, ""Phosphorus"": 62.0, ""Potassium"": 123.0, ""Zinc"": 0.45, ""Iron"": 10.45, ""Copper"": 1.92, ""Boron"": 0.54, ""Soil_Type"": ""Sandy Loam"", ""Irrigation_Type"": ""Drip"", ""Crop_Season"": ""Zaid"", ""Survey_Number"": ""AP-009342""}",NULL,NULL
"AND-GUN-004989","Subba Rao Kambhampati","UPPARAPALEM","Guntur","Ponnur","Sweet Orange",11.1,87.0,"Low",98.7,16.080497519783673,80.50992896566653,0.31,0.58,0.31,"{""pH"": 8.07, ""EC"": 0.53, ""Organic_Carbon"": 1.09, ""Nitrogen"": 242.0, ""Phosphorus"": 14.0, ""Potassium"": 173.0, ""Zinc"": 1.76, ""Iron"": 3.54, ""Copper"": 0.77, ""Boron"": 0.56, ""Soil_Type"": ""Loamy"", ""Irrigation_Type"": ""Borewell"", ""Crop_Season"": ""Zaid"", ""Survey_Number"": ""AP-004989""}",NULL,NULL
"AND-GUN-006159","Prasad Yarlagadda","UPPALAPADU","Guntur","Pedanandipadu","Bengal Gram (Chickpea)",2.47,58.23,"High",97.1,16.061331672729686,80.24667082735927,0.56,0.48,0.4,"{""pH"": 5.09, ""EC"": 2.15, ""Organic_Carbon"": 1.16, ""Nitrogen"": 368.0, ""Phosphorus"": 76.0, ""Potassium"": 262.0, ""Zinc"": 1.22, ""Iron"": 10.67, ""Copper"": 1.61, ""Boron"": 0.42, ""Soil_Type"": ""Sandy Loam"", ""Irrigation_Type"": ""Sprinkler"", ""Crop_Season"": ""Rabi"", ""Survey_Number"": ""AP-006159""}",NULL,NULL
"AND-GUN-002636","Nageswara Rao Naidu","VALLABHARAOPALEM","Guntur","Ponnur","Bengal Gram (Chickpea)",10.16,83.87,"Low",94.8,16.048658344100563,80.47640901321998,0.58,0.26,0.37,"{""pH"": 5.18, ""EC"": 1.73, ""Organic_Carbon"": 0.9, ""Nitrogen"": 435.0, ""Phosphorus"": 35.0, ""Potassium"": 183.0, ""Zinc"": 2.0, ""Iron"": 9.08, ""Copper"": 0.33, ""Boron"": 1.49, ""Soil_Type"": ""Clay"", ""Irrigation_Type"": ""Drip"", ""Crop_Season"": ""Rabi"", ""Survey_Number"": ""AP-002636""}",NULL,NULL
"AND-GUN-002148","Gopi Reddy","GARIKAPADU","Guntur","Kakumanu","Bengal Gram (Chickpea)",5.69,68.97,"Medium",88.7,16.07165690145612,80.46840618347099,0.63,0.58,0.4,"{""pH"": 5.09, ""EC"": 2.15, ""Organic_Carbon"": 0.23, ""Nitrogen"": 387.0, ""Phosphorus"": 68.0, ""Potassium"": 570.0, ""Zinc"": 0.48, ""Iron"": 6.34, ""Copper"": 1.43, ""Boron"": 1.53, ""Soil_Type"": ""Loamy"", ""Irrigation_Type"": ""Rainfed"", ""Crop_Season"": ""Rabi"", ""Survey_Number"": ""AP-002148""}",NULL,NULL
"AND-GUN-005969","Subba Rao Nandamuri","GARIKAPADU","Guntur","Kakumanu","Bajra (Pearl Millet)",14.08,96.93,"Low",85.8,16.08398295540429,80.43983357669572,0.71,0.53,0.46,"{""pH"": 6.99, ""EC"": 0.22, ""Organic_Carbon"": 1.21, ""Nitrogen"": 278.0, ""Phosphorus"": 68.0, ""Potassium"": 470.0, ""Zinc"": 2.32, ""Iron"": 5.74, ""Copper"": 0.49, ""Boron"": 0.51, ""Soil_Type"": ""Sandy Loam"", ""Irrigation_Type"": ""Sprinkler"", ""Crop_Season"": ""Rabi"", ""Survey_Number"": ""AP-005969""}",NULL,NULL
"AND-GUN-003724","Gopi Goud","BHALLAKHANUDIPALEM","Guntur","Kakumanu","Sugarcane",3.19,60.63,"Medium",98.8,16.028610864829833,80.37447241533756,0.38,0.42,0.47,"{""pH"": 8.25, ""EC"": 1.51, ""Organic_Carbon"": 0.53, ""Nitrogen"": 148.0, ""Phosphorus"": 9.0, ""Potassium"": 337.0, ""Zinc"": 0.87, ""Iron"": 8.1, ""Copper"": 0.33, ""Boron"": 1.95, ""Soil_Type"": ""Clay"", ""Irrigation_Type"": ""Rainfed"", ""Crop_Season"": ""Rabi"", ""Survey_Number"": ""AP-003724""}",NULL,NULL
"AND-GUN-003750","Saraswathi Chowdary","BHALLAKHANUDIPALEM","Guntur","Kakumanu","Onion",13.33,94.43,"Low",90.1,16.057457077007072,80.33341355890776,0.61,0.55,0.46,"{""pH"": 7.17, ""EC"": 2.01, ""Organic_Carbon"": 0.75, ""Nitrogen"": 190.0, ""Phosphorus"": 23.0, ""Potassium"": 339.0, ""Zinc"": 1.82, ""Iron"": 7.57, ""Copper"": 0.48, ""Boron"": 1.43, ""Soil_Type"": ""Silty Loam"", ""Irrigation_Type"": ""Sprinkler"", ""Crop_Season"": ""Zaid"", ""Survey_Number"": ""AP-003750""}",NULL,NULL
"AND-GUN-003773","Lakshmi Pothineni","PONNURU","Guntur","Ponnur","Jowar (Sorghum)",5.49,68.3,"Medium",92.3,16.060533598288227,80.56637623339184,0.67,0.5,0.38,"{""pH"": 6.05, ""EC"": 0.48, ""Organic_Carbon"": 0.77, ""Nitrogen"": 365.0, ""Phosphorus"": 79.0, ""Potassium"": 486.0, ""Zinc"": 0.65, ""Iron"": 9.49, ""Copper"": 1.88, ""Boron"": 0.12, ""Soil_Type"": ""Clay"", ""Irrigation_Type"": ""Rainfed"", ""Crop_Season"": ""Zaid"", ""Survey_Number"": ""AP-003773""}",NULL,NULL
"AND-GUN-004860","Venkatesh Chowdary","PONNURU","Guntur","Ponnur","Bajra (Pearl Millet)",13.37,94.57,"Low",94.3,16.04283007621474,80.55274130701936,0.46,0.44,0.29,"{""pH"": 6.64, ""EC"": 2.32, ""Organic_Carbon"": 0.23, ""Nitrogen"": 418.0, ""Phosphorus"": 67.0, ""Potassium"": 231.0, ""Zinc"": 2.66, ""Iron"": 12.93, ""Copper"": 1.29, ""Boron"": 2.38, ""Soil_Type"": ""Loamy"", ""Irrigation_Type"": ""Drip"", ""Crop_Season"": ""Kharif"", ""Survey_Number"": ""AP-004860""}",NULL,NULL
"AND-GUN-007165","Appa Rao Uppalapati","PONNURU","Guntur","Ponnur","Sesame (Til)",10.81,86.03,"Low",87.4,16.042898119602302,80.56336112596733,0.58,0.38,0.29,"{""pH"": 5.3, ""EC"": 1.13, ""Organic_Carbon"": 0.43, ""Nitrogen"": 280.0, ""Phosphorus"": 80.0, ""Potassium"": 222.0, ""Zinc"": 0.93, ""Iron"": 3.03, ""Copper"": 1.27, ""Boron"": 0.78, ""Soil_Type"": ""Clay"", ""Irrigation_Type"": ""Sprinkler"", ""Crop_Season"": ""Zaid"", ""Survey_Number"": ""AP-007165""}",NULL,NULL
"AND-GUN-007416","Ravi Kaza","PONNURU","Guntur","Ponnur","Paddy (Rice)",8.38,77.93,"Medium",87.2,16.054212957714558,80.55466885483054,0.48,0.56,0.35,"{""pH"": 7.68, ""EC"": 2.96, ""Organic_Carbon"": 0.26, ""Nitrogen"": 302.0, ""Phosphorus"": 80.0, ""Potassium"": 231.0, ""Zinc"": 2.14, ""Iron"": 14.57, ""Copper"": 0.37, ""Boron"": 1.63, ""Soil_Type"": ""Sandy"", ""Irrigation_Type"": ""Sprinkler"", ""Crop_Season"": ""Rabi"", ""Survey_Number"": ""AP-007416""}",NULL,NULL
"AND-GUN-000893","Suresh Mekapati","ANNAVARAM","Guntur","Kollipara","Sugarcane",12.54,91.8,"Low",87.7,16.07694720669032,80.25598232679474,0.34,0.37,0.27,"{""pH"": 5.67, ""EC"": 2.94, ""Organic_Carbon"": 0.55, ""Nitrogen"": 242.0, ""Phosphorus"": 16.0, ""Potassium"": 274.0, ""Zinc"": 2.62, ""Iron"": 13.93, ""Copper"": 1.82, ""Boron"": 0.42, ""Soil_Type"": ""Silty Loam"", ""Irrigation_Type"": ""Canal"", ""Crop_Season"": ""Kharif"", ""Survey_Number"": ""AP-000893""}",NULL,NULL
"AND-GUN-002746","Bhavani Nimmagadda","ANNAVARAM","Guntur","Pedanandipadu","Ragi (Finger Millet)",11.83,89.43,"Low",85.6,16.08552539171905,80.25762676821894,0.32,0.34,0.38,"{""pH"": 5.94, ""EC"": 1.67, ""Organic_Carbon"": 0.78, ""Nitrogen"": 314.0, ""Phosphorus"": 64.0, ""Potassium"": 478.0, ""Zinc"": 3.01, ""Iron"": 2.47, ""Copper"": 1.3, ""Boron"": 2.1, ""Soil_Type"": ""Silty Loam"", ""Irrigation_Type"": ""Drip"", ""Crop_Season"": ""Zaid"", ""Survey_Number"": ""AP-002746""}",NULL,NULL
"AND-GUN-007218","Satyanarayana Kodali","ANNAVARAM","Guntur","Kollipara","Onion",10.86,86.2,"Low",93.8,16.079364768746377,80.27089173305906,0.75,0.25,0.37,"{""pH"": 5.8, ""EC"": 1.66, ""Organic_Carbon"": 1.13, ""Nitrogen"": 237.0, ""Phosphorus"": 73.0, ""Potassium"": 81.0, ""Zinc"": 1.68, ""Iron"": 12.32, ""Copper"": 1.23, ""Boron"": 2.06, ""Soil_Type"": ""Sandy"", ""Irrigation_Type"": ""Canal"", ""Crop_Season"": ""Kharif"", ""Survey_Number"": ""AP-007218""}",NULL,NULL
"AND-GUN-008617","Mahesh Konidela","ANNAVARAM","Guntur","Kollipara","Bengal Gram (Chickpea)",14.4,98.0,"Low",88.2,16.086110819104874,80.26697992120376,0.76,0.48,0.4,"{""pH"": 5.39, ""EC"": 0.41, ""Organic_Carbon"": 1.03, ""Nitrogen"": 323.0, ""Phosphorus"": 48.0, ""Potassium"": 105.0, ""Zinc"": 1.52, ""Iron"": 3.93, ""Copper"": 0.95, ""Boron"": 2.48, ""Soil_Type"": ""Clay"", ""Irrigation_Type"": ""Canal"", ""Crop_Season"": ""Kharif"", ""Survey_Number"": ""AP-008617""}",NULL,NULL
"AND-GUN-008793","Ravi Nimmagadda","ANNAVARAM","Guntur","Kollipara","Sweet Orange",2.54,58.47,"High",94.3,16.08257913370135,80.25935887829313,0.62,0.57,0.23,"{""pH"": 6.15, ""EC"": 2.26, ""Organic_Carbon"": 0.94, ""Nitrogen"": 392.0, ""Phosphorus"": 20.0, ""Potassium"": 266.0, ""Zinc"": 1.62, ""Iron"": 3.12, ""Copper"": 1.88, ""Boron"": 0.45, ""Soil_Type"": ""Clay"", ""Irrigation_Type"": ""Canal"", ""Crop_Season"": ""Zaid"", ""Survey_Number"": ""AP-008793""}",NULL,NULL
"AND-GUN-008944","Ramakrishna Rao","ANNAVARAM","Guntur","Pedanandipadu","Banana",13.97,96.57,"Low",85.3,16.07495061620564,80.2601675013985,0.45,0.23,0.31,"{""pH"": 7.58, ""EC"": 1.26, ""Organic_Carbon"": 0.88, ""Nitrogen"": 163.0, ""Phosphorus"": 39.0, ""Potassium"": 118.0, ""Zinc"": 1.11, ""Iron"": 13.93, ""Copper"": 0.24, ""Boron"": 1.12, ""Soil_Type"": ""Sandy"", ""Irrigation_Type"": ""Rainfed"", ""Crop_Season"": ""Rabi"", ""Survey_Number"": ""AP-008944""}",NULL,NULL
"AND-GUN-009529","Subba Rao Nimmagadda","ANNAVARAM","Guntur","Pedanandipadu","Tomato",14.84,99.47,"Low",96.1,16.07935721324108,80.26891712593512,0.51,0.25,0.4,"{""pH"": 6.57, ""EC"": 2.34, ""Organic_Carbon"": 0.55, ""Nitrogen"": 330.0, ""Phosphorus"": 26.0, ""Potassium"": 110.0, ""Zinc"": 1.49, ""Iron"": 9.85, ""Copper"": 1.64, ""Boron"": 0.87, ""Soil_Type"": ""Clay Loam"", ""Irrigation_Type"": ""Canal"", ""Crop_Season"": ""Zaid"", ""Survey_Number"": ""AP-009529""}",NULL,NULL
"AND-GUN-005083","Siva Reddy","KATRAPADU","Guntur","Pedanandipadu","Red Gram (Pigeon Pea)",12.64,92.13,"Low",93.5,16.097937028783967,80.32979546206721,0.56,0.31,0.27,"{""pH"": 5.62, ""EC"": 2.16, ""Organic_Carbon"": 1.01, ""Nitrogen"": 156.0, ""Phosphorus"": 6.0, ""Potassium"": 557.0, ""Zinc"": 1.21, ""Iron"": 6.56, ""Copper"": 1.88, ""Boron"": 1.07, ""Soil_Type"": ""Sandy"", ""Irrigation_Type"": ""Borewell"", ""Crop_Season"": ""Rabi"", ""Survey_Number"": ""AP-005083""}",NULL,NULL
"AND-GUN-007621","Prakash Reddy","KATRAPADU","Guntur","Pedanandipadu","Ragi (Finger Millet)",12.98,93.27,"Low",87.4,16.087897823002248,80.37919028734444,0.56,0.42,0.32,"{""pH"": 6.7, ""EC"": 1.1, ""Organic_Carbon"": 0.6, ""Nitrogen"": 113.0, ""Phosphorus"": 71.0, ""Potassium"": 256.0, ""Zinc"": 3.44, ""Iron"": 5.54, ""Copper"": 0.62, ""Boron"": 1.99, ""Soil_Type"": ""Sandy"", ""Irrigation_Type"": ""Sprinkler"", ""Crop_Season"": ""Zaid"", ""Survey_Number"": ""AP-007621""}",NULL,NULL
"AND-GUN-008371","Satyanarayana Chowdary","KATRAPADU","Guntur","Pedanandipadu","Red Gram (Pigeon Pea)",2.77,59.23,"High",87.6,16.0560174834687,80.37068703193717,0.35,0.22,0.3,"{""pH"": 8.11, ""EC"": 2.21, ""Organic_Carbon"": 1.01, ""Nitrogen"": 240.0, ""Phosphorus"": 21.0, ""Potassium"": 367.0, ""Zinc"": 3.29, ""Iron"": 11.74, ""Copper"": 0.44, ""Boron"": 1.63, ""Soil_Type"": ""Sandy Loam"", ""Irrigation_Type"": ""Drip"", ""Crop_Season"": ""Rabi"", ""Survey_Number"": ""AP-008371""}",NULL,NULL
"AND-GUN-008590","Srinivas Golla","KATRAPADU","Guntur","Pedanandipadu","Groundnut",10.23,84.1,"Low",93.7,16.07345194684087,80.3600353947627,0.76,0.27,0.22,"{""pH"": 7.78, ""EC"": 1.64, ""Organic_Carbon"": 0.94, ""Nitrogen"": 294.0, ""Phosphorus"": 57.0, ""Potassium"": 235.0, ""Zinc"": 0.57, ""Iron"": 2.4, ""Copper"": 1.85, ""Boron"": 0.4, ""Soil_Type"": ""Clay"", ""Irrigation_Type"": ""Borewell"", ""Crop_Season"": ""Zaid"", ""Survey_Number"": ""AP-008590""}",NULL,NULL
"AND-GUN-000042","Suresh Raju","PANDRAPADU","Guntur","Kakumanu","Onion",7.68,75.6,"Medium",91.0,16.09523428524349,80.4738216964604,0.63,0.49,0.26,"{""pH"": 8.64, ""EC"": 0.22, ""Organic_Carbon"": 0.24, ""Nitrogen"": 226.0, ""Phosphorus"": 30.0, ""Potassium"": 100.0, ""Zinc"": 2.25, ""Iron"": 5.1, ""Copper"": 1.0, ""Boron"": 0.37, ""Soil_Type"": ""Clay"", ""Irrigation_Type"": ""Rainfed"", ""Crop_Season"": ""Zaid"", ""Survey_Number"": ""AP-000042""}",NULL,NULL
"AND-GUN-001949","Saraswathi Nandamuri","PANDRAPADU","Guntur","Kakumanu","Cotton",5.26,67.53,"Medium",88.0,16.09277577699783,80.46122513874052,0.4,0.55,0.32,"{""pH"": 8.27, ""EC"": 2.62, ""Organic_Carbon"": 1.07, ""Nitrogen"": 200.0, ""Phosphorus"": 46.0, ""Potassium"": 439.0, ""Zinc"": 0.93, ""Iron"": 11.36, ""Copper"": 0.26, ""Boron"": 1.95, ""Soil_Type"": ""Loamy"", ""Irrigation_Type"": ""Drip"", ""Crop_Season"": ""Rabi"", ""Survey_Number"": ""AP-001949""}",NULL,NULL
"AND-GUN-009716","Ravi Chowdary","PANDRAPADU","Guntur","Kakumanu","Coconut",7.73,75.77,"Medium",96.4,16.10517734566029,80.45847512951678,0.8,0.58,0.22,"{""pH"": 6.32, ""EC"": 2.62, ""Organic_Carbon"": 0.94, ""Nitrogen"": 204.0, ""Phosphorus"": 65.0, ""Potassium"": 172.0, ""Zinc"": 1.48, ""Iron"": 7.44, ""Copper"": 1.73, ""Boron"": 1.42, ""Soil_Type"": ""Sandy"", ""Irrigation_Type"": ""Borewell"", ""Crop_Season"": ""Zaid"", ""Survey_Number"": ""AP-009716""}",NULL,NULL
"AND-GUN-007775","Murali Rao","KONDAMUDI","Guntur","Ponnur","Tobacco",5.35,67.83,"Medium",88.1,16.10914312353281,80.58927624837618,0.34,0.36,0.34,"{""pH"": 8.76, ""EC"": 0.36, ""Organic_Carbon"": 0.49, ""Nitrogen"": 263.0, ""Phosphorus"": 56.0, ""Potassium"": 412.0, ""Zinc"": 1.97, ""Iron"": 12.81, ""Copper"": 0.16, ""Boron"": 1.34, ""Soil_Type"": ""Silty Loam"", ""Irrigation_Type"": ""Rainfed"", ""Crop_Season"": ""Rabi"", ""Survey_Number"": ""AP-007775""}",NULL,NULL
"AND-GUN-008266","Sai Nandamuri","KONDAMUDI","Guntur","Ponnur","Sugarcane",0.7,52.33,"High",97.2,16.074088688665928,80.58084388765361,0.38,0.4,0.44,"{""pH"": 7.18, ""EC"": 2.42, ""Organic_Carbon"": 0.58, ""Nitrogen"": 304.0, ""Phosphorus"": 79.0, ""Potassium"": 92.0, ""Zinc"": 3.26, ""Iron"": 12.3, ""Copper"": 0.6, ""Boron"": 1.42, ""Soil_Type"": ""Sandy"", ""Irrigation_Type"": ""Sprinkler"", ""Crop_Season"": ""Kharif"", ""Survey_Number"": ""AP-008266""}",NULL,NULL
"AND-GUN-009493","Suresh Bandi","KONDAMUDI","Guntur","Ponnur","Red Gram (Pigeon Pea)",5.55,68.5,"Medium",92.4,16.08300969381501,80.56453181788574,0.4,0.42,0.32,"{""pH"": 7.42, ""EC"": 1.95, ""Organic_Carbon"": 0.83, ""Nitrogen"": 424.0, ""Phosphorus"": 16.0, ""Potassium"": 136.0, ""Zinc"": 0.28, ""Iron"": 8.54, ""Copper"": 1.27, ""Boron"": 2.16, ""Soil_Type"": ""Loamy"", ""Irrigation_Type"": ""Rainfed"", ""Crop_Season"": ""Zaid"", ""Survey_Number"": ""AP-009493""}",NULL,NULL
"AND-GUN-009967","Ramesh Kaza","KONDAMUDI","Guntur","Ponnur","Turmeric",10.87,86.23,"Low",88.0,16.095259648674702,80.57633297948648,0.72,0.31,0.36,"{""pH"": 5.47, ""EC"": 0.18, ""Organic_Carbon"": 0.76, ""Nitrogen"": 250.0, ""Phosphorus"": 53.0, ""Potassium"": 92.0, ""Zinc"": 0.84, ""Iron"": 11.46, ""Copper"": 0.48, ""Boron"": 1.42, ""Soil_Type"": ""Sandy"", ""Irrigation_Type"": ""Borewell"", ""Crop_Season"": ""Kharif"", ""Survey_Number"": ""AP-009967""}",NULL,NULL
"AND-GUN-001206","Appa Rao Daggubati","DOPPALAPUDI","Guntur","Ponnur","Horse Gram",11.67,88.9,"Low",85.7,16.101486398312794,80.5237925469299,0.61,0.24,0.21,"{""pH"": 7.39, ""EC"": 0.45, ""Organic_Carbon"": 1.08, ""Nitrogen"": 362.0, ""Phosphorus"": 78.0, ""Potassium"": 156.0, ""Zinc"": 3.26, ""Iron"": 3.47, ""Copper"": 1.01, ""Boron"": 1.26, ""Soil_Type"": ""Clay Loam"", ""Irrigation_Type"": ""Canal"", ""Crop_Season"": ""Rabi"", ""Survey_Number"": ""AP-001206""}",NULL,NULL
"AND-GUN-009765","Anand Naidu","DOPPALAPUDI","Guntur","Ponnur","Black Gram (Urad)",13.33,94.43,"Low",93.3,16.09915868747925,80.51608236504967,0.39,0.46,0.31,"{""pH"": 7.13, ""EC"": 1.01, ""Organic_Carbon"": 0.21, ""Nitrogen"": 396.0, ""Phosphorus"": 65.0, ""Potassium"": 148.0, ""Zinc"": 3.27, ""Iron"": 8.28, ""Copper"": 0.52, ""Boron"": 1.65, ""Soil_Type"": ""Clay"", ""Irrigation_Type"": ""Sprinkler"", ""Crop_Season"": ""Rabi"", ""Survey_Number"": ""AP-009765""}",NULL,NULL
"AND-GUN-004025","Ramesh Nandamuri","MANNAVA","Guntur","Ponnur","Sesame (Til)",10.26,84.2,"Low",85.8,16.11258533253739,80.49147579997451,0.43,0.49,0.44,"{""pH"": 7.37, ""EC"": 0.43, ""Organic_Carbon"": 1.41, ""Nitrogen"": 191.0, ""Phosphorus"": 30.0, ""Potassium"": 352.0, ""Zinc"": 0.24, ""Iron"": 6.4, ""Copper"": 1.3, ""Boron"": 0.99, ""Soil_Type"": ""Clay"", ""Irrigation_Type"": ""Canal"", ""Crop_Season"": ""Kharif"", ""Survey_Number"": ""AP-004025""}",NULL,NULL
"AND-GUN-005636","Appa Rao Golla","MANNAVA","Guntur","Ponnur","Black Gram (Urad)",1.33,54.43,"High",91.8,16.113061326069456,80.50637752113819,0.3,0.2,0.24,"{""pH"": 8.75, ""EC"": 1.35, ""Organic_Carbon"": 1.01, ""Nitrogen"": 244.0, ""Phosphorus"": 61.0, ""Potassium"": 378.0, ""Zinc"": 2.29, ""Iron"": 13.82, ""Copper"": 1.62, ""Boron"": 0.12, ""Soil_Type"": ""Clay Loam"", ""Irrigation_Type"": ""Canal"", ""Crop_Season"": ""Kharif"", ""Survey_Number"": ""AP-005636""}",NULL,NULL
"AND-GUN-009267","Srinivas Allu","AREMANDA","Guntur","Ponnur","Red Gram (Pigeon Pea)",4.8,66.0,"Medium",96.5,16.109349611738146,80.56276643424289,0.39,0.52,0.4,"{""pH"": 7.23, ""EC"": 1.44, ""Organic_Carbon"": 1.26, ""Nitrogen"": 325.0, ""Phosphorus"": 70.0, ""Potassium"": 342.0, ""Zinc"": 2.98, ""Iron"": 3.56, ""Copper"": 1.25, ""Boron"": 2.36, ""Soil_Type"": ""Sandy"", ""Irrigation_Type"": ""Drip"", ""Crop_Season"": ""Zaid"", ""Survey_Number"": ""AP-009267""}",NULL,NULL
"AND-GUN-007905","Prakash Kodali","DANDAMUDI","Guntur","Ponnur","Paddy (Rice)",1.14,53.8,"High",97.1,16.11334648997333,80.54947374934892,0.41,0.3,0.37,"{""pH"": 5.82, ""EC"": 0.95, ""Organic_Carbon"": 1.35, ""Nitrogen"": 173.0, ""Phosphorus"": 12.0, ""Potassium"": 182.0, ""Zinc"": 2.73, ""Iron"": 8.39, ""Copper"": 1.57, ""Boron"": 1.43, ""Soil_Type"": ""Sandy Loam"", ""Irrigation_Type"": ""Borewell"", ""Crop_Season"": ""Rabi"", ""Survey_Number"": ""AP-007905""}",NULL,NULL
"AND-GUN-009984","Ramu Reddy","DANDAMUDI","Guntur","Ponnur","Onion",13.69,95.63,"Low",97.5,16.09845432908026,80.55488684267974,0.78,0.3,0.3,"{""pH"": 5.64, ""EC"": 2.3, ""Organic_Carbon"": 0.76, ""Nitrogen"": 350.0, ""Phosphorus"": 64.0, ""Potassium"": 598.0, ""Zinc"": 0.6, ""Iron"": 3.6, ""Copper"": 1.82, ""Boron"": 0.32, ""Soil_Type"": ""Sandy"", ""Irrigation_Type"": ""Canal"", ""Crop_Season"": ""Zaid"", ""Survey_Number"": ""AP-009984""}",NULL,NULL
"AND-GUN-008160","Lakshmi Vemula","VARAGANI","Guntur","Pedanandipadu","Ragi (Finger Millet)",11.86,89.53,"Low",93.9,16.109366563567384,80.33838617918813,0.8,0.37,0.25,"{""pH"": 6.96, ""EC"": 1.06, ""Organic_Carbon"": 0.67, ""Nitrogen"": 188.0, ""Phosphorus"": 56.0, ""Potassium"": 269.0, ""Zinc"": 1.73, ""Iron"": 6.38, ""Copper"": 1.16, ""Boron"": 2.01, ""Soil_Type"": ""Sandy Loam"", ""Irrigation_Type"": ""Borewell"", ""Crop_Season"": ""Kharif"", ""Survey_Number"": ""AP-008160""}",NULL,NULL
"AND-GUN-005768","Mahesh Akkineni","JUPUDI","Guntur","Ponnur","Banana",1.48,54.93,"High",93.7,16.115984605835127,80.48498512252833,0.62,0.6,0.45,"{""pH"": 7.2, ""EC"": 0.51, ""Organic_Carbon"": 0.6, ""Nitrogen"": 133.0, ""Phosphorus"": 44.0, ""Potassium"": 342.0, ""Zinc"": 2.64, ""Iron"": 10.01, ""Copper"": 1.98, ""Boron"": 1.47, ""Soil_Type"": ""Sandy Loam"", ""Irrigation_Type"": ""Drip"", ""Crop_Season"": ""Zaid"", ""Survey_Number"": ""AP-005768""}",NULL,NULL
"AND-GUN-004867","Kiran Mekapati","KOPPARRU","Guntur","Pedanandipadu","Tobacco",5.66,68.87,"Medium",93.0,16.117218835934302,80.28294477702698,0.65,0.34,0.29,"{""pH"": 5.76, ""EC"": 0.57, ""Organic_Carbon"": 1.29, ""Nitrogen"": 436.0, ""Phosphorus"": 45.0, ""Potassium"": 572.0, ""Zinc"": 1.43, ""Iron"": 5.4, ""Copper"": 0.56, ""Boron"": 0.6, ""Soil_Type"": ""Sandy Loam"", ""Irrigation_Type"": ""Canal"", ""Crop_Season"": ""Zaid"", ""Survey_Number"": ""AP-004867""}",NULL,NULL
"AND-GUN-007381","Mahesh Goud","KOPPARRU","Guntur","Pedanandipadu","Turmeric",6.75,72.5,"Medium",92.7,16.119390014426006,80.28653093719718,0.68,0.57,0.28,"{""pH"": 7.74, ""EC"": 0.59, ""Organic_Carbon"": 0.91, ""Nitrogen"": 262.0, ""Phosphorus"": 31.0, ""Potassium"": 365.0, ""Zinc"": 0.58, ""Iron"": 7.71, ""Copper"": 0.33, ""Boron"": 1.09, ""Soil_Type"": ""Loamy"", ""Irrigation_Type"": ""Drip"", ""Crop_Season"": ""Kharif"", ""Survey_Number"": ""AP-007381""}",NULL,NULL
"AND-GUN-008138","Lakshmi Pothineni","MUNIPALLE","Guntur","Ponnur","Ragi (Finger Millet)",14.48,98.27,"Low",96.2,16.11812116379297,80.51211310022131,0.66,0.31,0.32,"{""pH"": 6.12, ""EC"": 1.87, ""Organic_Carbon"": 0.95, ""Nitrogen"": 211.0, ""Phosphorus"": 7.0, ""Potassium"": 457.0, ""Zinc"": 2.7, ""Iron"": 14.0, ""Copper"": 1.71, ""Boron"": 1.16, ""Soil_Type"": ""Clay"", ""Irrigation_Type"": ""Sprinkler"", ""Crop_Season"": ""Zaid"", ""Survey_Number"": ""AP-008138""}",NULL,NULL
"AND-GUN-009746","Babu Ghattamaneni","VANGIPURAM","Guntur","Prathipadu","Sugarcane",10.48,84.93,"Low",88.5,16.138131284085233,80.36633233639424,0.5,0.2,0.29,"{""pH"": 5.46, ""EC"": 2.39, ""Organic_Carbon"": 0.48, ""Nitrogen"": 303.0, ""Phosphorus"": 19.0, ""Potassium"": 467.0, ""Zinc"": 2.44, ""Iron"": 6.09, ""Copper"": 0.57, ""Boron"": 1.13, ""Soil_Type"": ""Sandy Loam"", ""Irrigation_Type"": ""Drip"", ""Crop_Season"": ""Zaid"", ""Survey_Number"": ""AP-009746""}",NULL,NULL
"AND-GUN-000207","Babu Mekapati","MAMILLAPALLI","Guntur","Ponnur","Jowar (Sorghum)",1.97,56.57,"High",96.2,16.11990334949308,80.55703969804456,0.75,0.48,0.49,"{""pH"": 5.94, ""EC"": 1.84, ""Organic_Carbon"": 1.14, ""Nitrogen"": 245.0, ""Phosphorus"": 8.0, ""Potassium"": 388.0, ""Zinc"": 0.88, ""Iron"": 9.89, ""Copper"": 0.46, ""Boron"": 1.04, ""Soil_Type"": ""Silty Loam"", ""Irrigation_Type"": ""Canal"", ""Crop_Season"": ""Kharif"", ""Survey_Number"": ""AP-000207""}",NULL,NULL
"AND-GUN-003037","Siva Kodali","MAMILLAPALLI","Guntur","Ponnur","Bajra (Pearl Millet)",6.76,72.53,"Medium",90.7,16.142523839591178,80.56489089506717,0.52,0.3,0.26,"{""pH"": 7.68, ""EC"": 2.13, ""Organic_Carbon"": 1.5, ""Nitrogen"": 327.0, ""Phosphorus"": 32.0, ""Potassium"": 544.0, ""Zinc"": 0.9, ""Iron"": 12.84, ""Copper"": 1.01, ""Boron"": 1.62, ""Soil_Type"": ""Silty Loam"", ""Irrigation_Type"": ""Borewell"", ""Crop_Season"": ""Rabi"", ""Survey_Number"": ""AP-003037""}",NULL,NULL
"AND-GUN-004641","Gopi Yarlagadda","MAMILLAPALLI","Guntur","Ponnur","Mango",14.21,97.37,"Low",87.4,16.125489094291687,80.56946491238352,0.33,0.22,0.25,"{""pH"": 6.35, ""EC"": 2.26, ""Organic_Carbon"": 0.23, ""Nitrogen"": 174.0, ""Phosphorus"": 55.0, ""Potassium"": 207.0, ""Zinc"": 2.93, ""Iron"": 2.63, ""Copper"": 0.73, ""Boron"": 1.35, ""Soil_Type"": ""Clay Loam"", ""Irrigation_Type"": ""Canal"", ""Crop_Season"": ""Zaid"", ""Survey_Number"": ""AP-004641""}",NULL,NULL
"AND-GUN-004675","Siva Varma","MAMILLAPALLI","Guntur","Ponnur","Red Gram (Pigeon Pea)",6.41,71.37,"Medium",89.4,16.117351302079427,80.56221853899915,0.61,0.46,0.28,"{""pH"": 6.18, ""EC"": 1.93, ""Organic_Carbon"": 0.79, ""Nitrogen"": 122.0, ""Phosphorus"": 63.0, ""Potassium"": 282.0, ""Zinc"": 0.25, ""Iron"": 9.23, ""Copper"": 1.75, ""Boron"": 1.32, ""Soil_Type"": ""Sandy Loam"", ""Irrigation_Type"": ""Borewell"", ""Crop_Season"": ""Zaid"", ""Survey_Number"": ""AP-004675""}",NULL,NULL
"AND-GUN-003132","Ramakrishna Kaza","CHINTALAPUDI","Guntur","Duggirala","Coconut",12.43,91.43,"Low",91.8,16.302599903862784,80.64485789218311,0.78,0.23,0.32,"{""pH"": 7.98, ""EC"": 2.68, ""Organic_Carbon"": 0.75, ""Nitrogen"": 195.0, ""Phosphorus"": 20.0, ""Potassium"": 398.0, ""Zinc"": 2.52, ""Iron"": 10.27, ""Copper"": 1.74, ""Boron"": 2.11, ""Soil_Type"": ""Silty Loam"", ""Irrigation_Type"": ""Sprinkler"", ""Crop_Season"": ""Zaid"", ""Survey_Number"": ""AP-003132""}",NULL,NULL
"AND-GUN-000647","Babu Allu","VALLURU","Guntur","Kakumanu","Sweet Orange",9.11,80.37,"Low",86.1,16.104786339096734,80.4449912817465,0.53,0.55,0.46,"{""pH"": 8.75, ""EC"": 1.49, ""Organic_Carbon"": 1.1, ""Nitrogen"": 148.0, ""Phosphorus"": 80.0, ""Potassium"": 265.0, ""Zinc"": 1.47, ""Iron"": 15.0, ""Copper"": 1.44, ""Boron"": 0.82, ""Soil_Type"": ""Loamy"", ""Irrigation_Type"": ""Canal"", ""Crop_Season"": ""Kharif"", ""Survey_Number"": ""AP-000647""}",NULL,NULL
"AND-GUN-001367","Ravi Golla","VALLURU","Guntur","Kakumanu","Sugarcane",10.88,86.27,"Low",89.0,16.103478618732424,80.44484735092226,0.33,0.52,0.4,"{""pH"": 5.86, ""EC"": 2.89, ""Organic_Carbon"": 1.08, ""Nitrogen"": 109.0, ""Phosphorus"": 8.0, ""Potassium"": 204.0, ""Zinc"": 1.84, ""Iron"": 8.9, ""Copper"": 0.78, ""Boron"": 0.5, ""Soil_Type"": ""Clay Loam"", ""Irrigation_Type"": ""Drip"", ""Crop_Season"": ""Kharif"", ""Survey_Number"": ""AP-001367""}",NULL,NULL
"AND-GUN-006001","Ravi Dasari","BRAHMANAKODURU","Guntur","Ponnur","Sugarcane",9.9,83.0,"Low",96.0,16.149700968015495,80.52213214964614,0.43,0.38,0.36,"{""pH"": 7.65, ""EC"": 0.55, ""Organic_Carbon"": 1.39, ""Nitrogen"": 228.0, ""Phosphorus"": 18.0, ""Potassium"": 339.0, ""Zinc"": 0.69, ""Iron"": 4.8, ""Copper"": 1.96, ""Boron"": 1.57, ""Soil_Type"": ""Loamy"", ""Irrigation_Type"": ""Rainfed"", ""Crop_Season"": ""Rabi"", ""Survey_Number"": ""AP-006001""}",NULL,NULL
"AND-GUN-006585","Siva Allu","BRAHMANAKODURU","Guntur","Ponnur","Banana",10.2,84.0,"Low",88.7,16.144436463027045,80.52530609972493,0.35,0.58,0.46,"{""pH"": 5.73, ""EC"": 0.42, ""Organic_Carbon"": 0.88, ""Nitrogen"": 257.0, ""Phosphorus"": 28.0, ""Potassium"": 96.0, ""Zinc"": 2.44, ""Iron"": 2.7, ""Copper"": 1.14, ""Boron"": 1.68, ""Soil_Type"": ""Loamy"", ""Irrigation_Type"": ""Canal"", ""Crop_Season"": ""Rabi"", ""Survey_Number"": ""AP-006585""}",NULL,NULL
"AND-GUN-000131","Ramu Chowdary","GANIKAPUDI","Guntur","Prathipadu","Sesame (Til)",6.55,71.83,"Medium",85.9,16.147662411119917,80.29557174232598,0.3,0.22,0.42,"{""pH"": 5.18, ""EC"": 0.92, ""Organic_Carbon"": 0.98, ""Nitrogen"": 434.0, ""Phosphorus"": 65.0, ""Potassium"": 372.0, ""Zinc"": 1.97, ""Iron"": 13.01, ""Copper"": 0.92, ""Boron"": 2.22, ""Soil_Type"": ""Sandy Loam"", ""Irrigation_Type"": ""Borewell"", ""Crop_Season"": ""Rabi"", ""Survey_Number"": ""AP-000131""}",NULL,NULL
"AND-GUN-000218","Lakshmi Mekapati","GANIKAPUDI","Guntur","Prathipadu","Sweet Orange",11.32,87.73,"Low",92.6,16.14707527627927,80.28408381724662,0.38,0.32,0.48,"{""pH"": 8.69, ""EC"": 2.99, ""Organic_Carbon"": 1.21, ""Nitrogen"": 379.0, ""Phosphorus"": 36.0, ""Potassium"": 234.0, ""Zinc"": 0.22, ""Iron"": 7.33, ""Copper"": 0.54, ""Boron"": 0.93, ""Soil_Type"": ""Loamy"", ""Irrigation_Type"": ""Rainfed"", ""Crop_Season"": ""Kharif"", ""Survey_Number"": ""AP-000218""}",NULL,NULL
"AND-GUN-003189","Ravi Dasari","GANIKAPUDI","Guntur","Prathipadu","Sunflower",12.51,91.7,"Low",96.2,16.14687240242634,80.27390335997356,0.69,0.35,0.36,"{""pH"": 7.86, ""EC"": 0.36, ""Organic_Carbon"": 0.58, ""Nitrogen"": 173.0, ""Phosphorus"": 65.0, ""Potassium"": 197.0, ""Zinc"": 2.46, ""Iron"": 9.57, ""Copper"": 0.93, ""Boron"": 0.81, ""Soil_Type"": ""Loamy"", ""Irrigation_Type"": ""Drip"", ""Crop_Season"": ""Rabi"", ""Survey_Number"": ""AP-003189""}",NULL,NULL
"AND-GUN-005978","Lakshmi Kodali","GANIKAPUDI","Guntur","Prathipadu","Sugarcane",2.67,58.9,"High",88.0,16.145168462634505,80.29112083769306,0.68,0.49,0.28,"{""pH"": 6.0, ""EC"": 0.98, ""Organic_Carbon"": 0.9, ""Nitrogen"": 281.0, ""Phosphorus"": 57.0, ""Potassium"": 264.0, ""Zinc"": 3.35, ""Iron"": 6.64, ""Copper"": 1.0, ""Boron"": 1.18, ""Soil_Type"": ""Sandy Loam"", ""Irrigation_Type"": ""Drip"", ""Crop_Season"": ""Kharif"", ""Survey_Number"": ""AP-005978""}",NULL,NULL
"AND-GUN-002131","Sai Goud","GORIJAVOLUGUNTAPALEM","Guntur","Pedanandipadu","Maize",2.85,59.5,"High",92.4,16.157187925277437,80.32501010656601,0.64,0.47,0.23,"{""pH"": 6.18, ""EC"": 2.11, ""Organic_Carbon"": 0.96, ""Nitrogen"": 192.0, ""Phosphorus"": 54.0, ""Potassium"": 493.0, ""Zinc"": 3.43, ""Iron"": 4.79, ""Copper"": 0.83, ""Boron"": 0.37, ""Soil_Type"": ""Loamy"", ""Irrigation_Type"": ""Sprinkler"", ""Crop_Season"": ""Kharif"", ""Survey_Number"": ""AP-002131""}",NULL,NULL
"AND-GUN-007034","Mahesh Reddy","GORIJAVOLUGUNTAPALEM","Guntur","Pedanandipadu","Horse Gram",9.01,80.03,"Low",92.3,16.14226837835095,80.33281835024707,0.41,0.4,0.36,"{""pH"": 5.72, ""EC"": 1.12, ""Organic_Carbon"": 1.45, ""Nitrogen"": 169.0, ""Phosphorus"": 20.0, ""Potassium"": 324.0, ""Zinc"": 2.28, ""Iron"": 13.84, ""Copper"": 1.32, ""Boron"": 0.29, ""Soil_Type"": ""Sandy"", ""Irrigation_Type"": ""Drip"", ""Crop_Season"": ""Rabi"", ""Survey_Number"": ""AP-007034""}",NULL,NULL
"AND-GUN-008783","Suresh Daggubati","GORIJAVOLUGUNTAPALEM","Guntur","Pedanandipadu","Maize",4.98,66.6,"Medium",98.9,16.138799193742727,80.32674182895794,0.63,0.6,0.26,"{""pH"": 7.96, ""EC"": 0.67, ""Organic_Carbon"": 0.64, ""Nitrogen"": 241.0, ""Phosphorus"": 37.0, ""Potassium"": 287.0, ""Zinc"": 1.82, ""Iron"": 12.99, ""Copper"": 0.75, ""Boron"": 2.08, ""Soil_Type"": ""Clay"", ""Irrigation_Type"": ""Sprinkler"", ""Crop_Season"": ""Rabi"", ""Survey_Number"": ""AP-008783""}",NULL,NULL
"AND-GUN-007284","Srinivas Chowdary","VELLALURU","Guntur","Ponnur","Jowar (Sorghum)",9.53,81.77,"Low",97.9,16.14369373829579,80.54558166231755,0.76,0.47,0.27,"{""pH"": 7.33, ""EC"": 0.65, ""Organic_Carbon"": 1.46, ""Nitrogen"": 445.0, ""Phosphorus"": 37.0, ""Potassium"": 107.0, ""Zinc"": 3.19, ""Iron"": 5.97, ""Copper"": 1.45, ""Boron"": 1.84, ""Soil_Type"": ""Loamy"", ""Irrigation_Type"": ""Drip"", ""Crop_Season"": ""Zaid"", ""Survey_Number"": ""AP-007284""}",NULL,NULL
"AND-GUN-000442","Rambabu Bandi","KAREMPUDIPADU","Guntur","Vatticherukuru","Turmeric",14.81,99.37,"Low",86.6,16.162787090270214,80.44394930709741,0.59,0.52,0.48,"{""pH"": 5.14, ""EC"": 0.62, ""Organic_Carbon"": 0.85, ""Nitrogen"": 145.0, ""Phosphorus"": 43.0, ""Potassium"": 436.0, ""Zinc"": 1.58, ""Iron"": 9.25, ""Copper"": 0.46, ""Boron"": 2.47, ""Soil_Type"": ""Sandy Loam"", ""Irrigation_Type"": ""Drip"", ""Crop_Season"": ""Kharif"", ""Survey_Number"": ""AP-000442""}",NULL,NULL
"AND-GUN-003130","Ramesh Akkineni","KAREMPUDIPADU","Guntur","Vatticherukuru","Onion",12.66,92.2,"Low",89.3,16.159348916633785,80.46350987098451,0.59,0.51,0.5,"{""pH"": 5.31, ""EC"": 2.96, ""Organic_Carbon"": 0.71, ""Nitrogen"": 290.0, ""Phosphorus"": 48.0, ""Potassium"": 544.0, ""Zinc"": 1.45, ""Iron"": 5.95, ""Copper"": 0.8, ""Boron"": 2.13, ""Soil_Type"": ""Clay"", ""Irrigation_Type"": ""Rainfed"", ""Crop_Season"": ""Rabi"", ""Survey_Number"": ""AP-003130""}",NULL,NULL
"AND-GUN-008376","Bhavani Kodali","KAREMPUDIPADU","Guntur","Vatticherukuru","Black Gram (Urad)",6.13,70.43,"Medium",97.9,16.15826630794736,80.45199247458754,0.53,0.57,0.49,"{""pH"": 6.51, ""EC"": 1.0, ""Organic_Carbon"": 0.58, ""Nitrogen"": 114.0, ""Phosphorus"": 14.0, ""Potassium"": 161.0, ""Zinc"": 1.02, ""Iron"": 3.73, ""Copper"": 0.57, ""Boron"": 2.11, ""Soil_Type"": ""Loamy"", ""Irrigation_Type"": ""Drip"", ""Crop_Season"": ""Kharif"", ""Survey_Number"": ""AP-008376""}",NULL,NULL
"AND-GUN-009801","Mahesh Reddy","KAREMPUDIPADU","Guntur","Vatticherukuru","Bajra (Pearl Millet)",11.88,89.6,"Low",98.9,16.162487940234282,80.45641127686615,0.36,0.33,0.23,"{""pH"": 5.66, ""EC"": 0.25, ""Organic_Carbon"": 0.97, ""Nitrogen"": 209.0, ""Phosphorus"": 32.0, ""Potassium"": 536.0, ""Zinc"": 2.85, ""Iron"": 11.61, ""Copper"": 1.13, ""Boron"": 1.64, ""Soil_Type"": ""Sandy"", ""Irrigation_Type"": ""Sprinkler"", ""Crop_Season"": ""Zaid"", ""Survey_Number"": ""AP-009801""}",NULL,NULL
"AND-GUN-001742","Ramu Golla","MANCHALA","Guntur","Chebrolu","Sesame (Til)",11.14,87.13,"Low",97.6,16.174836560899266,80.5375863220645,0.48,0.27,0.3,"{""pH"": 6.05, ""EC"": 2.22, ""Organic_Carbon"": 1.1, ""Nitrogen"": 291.0, ""Phosphorus"": 66.0, ""Potassium"": 379.0, ""Zinc"": 2.11, ""Iron"": 4.57, ""Copper"": 0.78, ""Boron"": 0.37, ""Soil_Type"": ""Sandy"", ""Irrigation_Type"": ""Rainfed"", ""Crop_Season"": ""Zaid"", ""Survey_Number"": ""AP-001742""}",NULL,NULL
"AND-GUN-003703","Narasimha Bandi","MANCHALA","Guntur","Chebrolu","Chilli",5.1,67.0,"Medium",87.5,16.167145448122326,80.5394061710799,0.45,0.22,0.26,"{""pH"": 6.4, ""EC"": 0.45, ""Organic_Carbon"": 0.62, ""Nitrogen"": 187.0, ""Phosphorus"": 23.0, ""Potassium"": 171.0, ""Zinc"": 1.61, ""Iron"": 6.6, ""Copper"": 0.28, ""Boron"": 1.77, ""Soil_Type"": ""Loamy"", ""Irrigation_Type"": ""Sprinkler"", ""Crop_Season"": ""Kharif"", ""Survey_Number"": ""AP-003703""}",NULL,NULL
"AND-GUN-006845","Gopi Bandi","MANCHALA","Guntur","Chebrolu","Tomato",13.69,95.63,"Low",91.8,16.168430109592766,80.54057136770439,0.3,0.36,0.32,"{""pH"": 5.5, ""EC"": 1.25, ""Organic_Carbon"": 0.36, ""Nitrogen"": 406.0, ""Phosphorus"": 78.0, ""Potassium"": 427.0, ""Zinc"": 1.91, ""Iron"": 8.73, ""Copper"": 1.93, ""Boron"": 0.49, ""Soil_Type"": ""Loamy"", ""Irrigation_Type"": ""Borewell"", ""Crop_Season"": ""Zaid"", ""Survey_Number"": ""AP-006845""}",NULL,NULL
"AND-GUN-002324","Murali Daggubati","PALLAPADU","Guntur","Vatticherukuru","Cotton",4.99,66.63,"Medium",93.4,16.154336900491884,80.41921440571741,0.34,0.34,0.22,"{""pH"": 6.65, ""EC"": 1.77, ""Organic_Carbon"": 0.59, ""Nitrogen"": 352.0, ""Phosphorus"": 32.0, ""Potassium"": 319.0, ""Zinc"": 1.98, ""Iron"": 11.99, ""Copper"": 1.78, ""Boron"": 1.89, ""Soil_Type"": ""Loamy"", ""Irrigation_Type"": ""Rainfed"", ""Crop_Season"": ""Zaid"", ""Survey_Number"": ""AP-002324""}",NULL,NULL
"AND-GUN-007192","Babu Kaza","MALLAYAPALEM","Guntur","Prathipadu","Groundnut",7.55,75.17,"Medium",86.4,16.15271985952111,80.37795350191315,0.6,0.37,0.26,"{""pH"": 5.84, ""EC"": 0.81, ""Organic_Carbon"": 0.78, ""Nitrogen"": 217.0, ""Phosphorus"": 29.0, ""Potassium"": 548.0, ""Zinc"": 2.18, ""Iron"": 8.9, ""Copper"": 1.95, ""Boron"": 0.92, ""Soil_Type"": ""Silty Loam"", ""Irrigation_Type"": ""Canal"", ""Crop_Season"": ""Kharif"", ""Survey_Number"": ""AP-007192""}",NULL,NULL
"AND-GUN-009464","Ramakrishna Golla","MUTLURU","Guntur","Vatticherukuru","Red Gram (Pigeon Pea)",7.56,75.2,"Medium",90.2,16.1693651245827,80.48338748232656,0.72,0.49,0.3,"{""pH"": 7.19, ""EC"": 2.98, ""Organic_Carbon"": 0.84, ""Nitrogen"": 348.0, ""Phosphorus"": 58.0, ""Potassium"": 149.0, ""Zinc"": 0.24, ""Iron"": 3.69, ""Copper"": 0.92, ""Boron"": 1.66, ""Soil_Type"": ""Sandy"", ""Irrigation_Type"": ""Canal"", ""Crop_Season"": ""Rabi"", ""Survey_Number"": ""AP-009464""}",NULL,NULL
"AND-GUN-009011","Siva Naidu","KOVELAMUDI","Guntur","Vatticherukuru","Paddy (Rice)",4.66,65.53,"Medium",94.6,16.189483094924512,80.48717903215179,0.57,0.34,0.31,"{""pH"": 7.84, ""EC"": 2.5, ""Organic_Carbon"": 0.9, ""Nitrogen"": 263.0, ""Phosphorus"": 49.0, ""Potassium"": 177.0, ""Zinc"": 2.2, ""Iron"": 12.37, ""Copper"": 1.03, ""Boron"": 1.25, ""Soil_Type"": ""Clay"", ""Irrigation_Type"": ""Canal"", ""Crop_Season"": ""Zaid"", ""Survey_Number"": ""AP-009011""}",NULL,NULL
"AND-GUN-000325","Ravi Dasari","YAMARRU","Guntur","Vatticherukuru","Sugarcane",14.35,97.83,"Low",96.5,16.179664720352697,80.40228108498397,0.32,0.23,0.38,"{""pH"": 8.53, ""EC"": 1.77, ""Organic_Carbon"": 0.54, ""Nitrogen"": 308.0, ""Phosphorus"": 69.0, ""Potassium"": 189.0, ""Zinc"": 2.04, ""Iron"": 8.54, ""Copper"": 0.75, ""Boron"": 0.38, ""Soil_Type"": ""Loamy"", ""Irrigation_Type"": ""Canal"", ""Crop_Season"": ""Kharif"", ""Survey_Number"": ""AP-000325""}",NULL,NULL
"AND-GUN-005057","Parvathi Golla","YAMARRU","Guntur","Vatticherukuru","Coconut",6.85,72.83,"Medium",85.8,16.19129119735188,80.39422799783519,0.49,0.37,0.25,"{""pH"": 5.41, ""EC"": 2.14, ""Organic_Carbon"": 1.14, ""Nitrogen"": 327.0, ""Phosphorus"": 29.0, ""Potassium"": 474.0, ""Zinc"": 1.52, ""Iron"": 2.67, ""Copper"": 1.94, ""Boron"": 1.65, ""Soil_Type"": ""Silty Loam"", ""Irrigation_Type"": ""Rainfed"", ""Crop_Season"": ""Rabi"", ""Survey_Number"": ""AP-005057""}",NULL,NULL
"AND-GUN-001803","Siva Kambhampati","GOTTIPADU","Guntur","Prathipadu","Mango",5.62,68.73,"Medium",91.3,16.168876047736166,80.31721909765922,0.37,0.38,0.38,"{""pH"": 5.17, ""EC"": 1.64, ""Organic_Carbon"": 1.42, ""Nitrogen"": 283.0, ""Phosphorus"": 5.0, ""Potassium"": 269.0, ""Zinc"": 0.7, ""Iron"": 7.43, ""Copper"": 1.38, ""Boron"": 0.22, ""Soil_Type"": ""Clay"", ""Irrigation_Type"": ""Borewell"", ""Crop_Season"": ""Rabi"", ""Survey_Number"": ""AP-001803""}",NULL,NULL
"AND-GUN-006250","Kiran Bandi","GOTTIPADU","Guntur","Prathipadu","Sweet Orange",1.75,55.83,"High",97.5,16.172114394518157,80.30127730081007,0.31,0.5,0.33,"{""pH"": 8.07, ""EC"": 0.42, ""Organic_Carbon"": 1.21, ""Nitrogen"": 422.0, ""Phosphorus"": 50.0, ""Potassium"": 579.0, ""Zinc"": 0.94, ""Iron"": 2.13, ""Copper"": 0.78, ""Boron"": 0.55, ""Soil_Type"": ""Silty Loam"", ""Irrigation_Type"": ""Rainfed"", ""Crop_Season"": ""Zaid"", ""Survey_Number"": ""AP-006250""}",NULL,NULL
"AND-GUN-007422","Gopi Vemula","VATTI CHERUKURU","Guntur","Vatticherukuru","Sunflower",10.51,85.03,"Low",92.2,16.189846144085134,80.45352153517175,0.78,0.41,0.39,"{""pH"": 8.22, ""EC"": 0.2, ""Organic_Carbon"": 1.21, ""Nitrogen"": 286.0, ""Phosphorus"": 77.0, ""Potassium"": 364.0, ""Zinc"": 1.14, ""Iron"": 4.04, ""Copper"": 1.64, ""Boron"": 2.1, ""Soil_Type"": ""Clay"", ""Irrigation_Type"": ""Rainfed"", ""Crop_Season"": ""Kharif"", ""Survey_Number"": ""AP-007422""}",NULL,NULL
"AND-GUN-004563","Ramesh Mekapati","KONDAJAGARLAMUDI","Guntur","Prathipadu","Bajra (Pearl Millet)",13.26,94.2,"Low",96.1,16.190042602788502,80.28741491746214,0.42,0.51,0.26,"{""pH"": 7.97, ""EC"": 2.92, ""Organic_Carbon"": 1.41, ""Nitrogen"": 422.0, ""Phosphorus"": 61.0, ""Potassium"": 418.0, ""Zinc"": 0.47, ""Iron"": 12.32, ""Copper"": 1.99, ""Boron"": 1.74, ""Soil_Type"": ""Silty Loam"", ""Irrigation_Type"": ""Rainfed"", ""Crop_Season"": ""Zaid"", ""Survey_Number"": ""AP-004563""}",NULL,NULL
"AND-GUN-006964","Prakash Kothapalli","KONDAJAGARLAMUDI","Guntur","Prathipadu","Sunflower",9.81,82.7,"Low",91.4,16.200198254958174,80.29249363554483,0.32,0.52,0.34,"{""pH"": 5.3, ""EC"": 1.59, ""Organic_Carbon"": 1.31, ""Nitrogen"": 232.0, ""Phosphorus"": 11.0, ""Potassium"": 570.0, ""Zinc"": 2.48, ""Iron"": 9.95, ""Copper"": 1.4, ""Boron"": 1.93, ""Soil_Type"": ""Silty Loam"", ""Irrigation_Type"": ""Sprinkler"", ""Crop_Season"": ""Rabi"", ""Survey_Number"": ""AP-006964""}",NULL,NULL
"AND-GUN-001258","Ramakrishna Allu","PRATTIPADU","Guntur","Prathipadu","Turmeric",7.63,75.43,"Medium",92.1,16.190163605003125,80.33721610026492,0.5,0.56,0.2,"{""pH"": 7.85, ""EC"": 1.76, ""Organic_Carbon"": 0.97, ""Nitrogen"": 399.0, ""Phosphorus"": 62.0, ""Potassium"": 230.0, ""Zinc"": 3.16, ""Iron"": 3.09, ""Copper"": 0.94, ""Boron"": 0.15, ""Soil_Type"": ""Loamy"", ""Irrigation_Type"": ""Canal"", ""Crop_Season"": ""Kharif"", ""Survey_Number"": ""AP-001258""}",NULL,NULL
"AND-GUN-001428","Ravi Uppalapati","PRATTIPADU","Guntur","Prathipadu","Sugarcane",14.3,97.67,"Low",92.1,16.173657129768092,80.3631898067717,0.68,0.41,0.38,"{""pH"": 7.54, ""EC"": 2.46, ""Organic_Carbon"": 1.04, ""Nitrogen"": 188.0, ""Phosphorus"": 42.0, ""Potassium"": 264.0, ""Zinc"": 0.34, ""Iron"": 6.9, ""Copper"": 0.74, ""Boron"": 0.72, ""Soil_Type"": ""Loamy"", ""Irrigation_Type"": ""Sprinkler"", ""Crop_Season"": ""Kharif"", ""Survey_Number"": ""AP-001428""}",NULL,NULL
"AND-GUN-008359","Anand Chowdary","PRATTIPADU","Guntur","Prathipadu","Tomato",1.25,54.17,"High",96.5,16.185598172357597,80.32853756455745,0.79,0.41,0.37,"{""pH"": 7.46, ""EC"": 2.96, ""Organic_Carbon"": 0.64, ""Nitrogen"": 257.0, ""Phosphorus"": 45.0, ""Potassium"": 256.0, ""Zinc"": 3.28, ""Iron"": 3.38, ""Copper"": 0.62, ""Boron"": 1.93, ""Soil_Type"": ""Sandy Loam"", ""Irrigation_Type"": ""Rainfed"", ""Crop_Season"": ""Zaid"", ""Survey_Number"": ""AP-008359""}",NULL,NULL
"AND-GUN-000651","Nageswara Rao Daggubati","LAMALLEPADU","Guntur","Vatticherukuru","Mango",1.76,55.87,"High",94.0,16.19512373323005,80.46966093943372,0.76,0.45,0.29,"{""pH"": 8.44, ""EC"": 0.95, ""Organic_Carbon"": 0.89, ""Nitrogen"": 171.0, ""Phosphorus"": 78.0, ""Potassium"": 582.0, ""Zinc"": 2.49, ""Iron"": 8.79, ""Copper"": 1.97, ""Boron"": 0.95, ""Soil_Type"": ""Silty Loam"", ""Irrigation_Type"": ""Rainfed"", ""Crop_Season"": ""Kharif"", ""Survey_Number"": ""AP-000651""}",NULL,NULL
"AND-GUN-003089","Bhavani Dasari","KONDEPADU","Guntur","Prathipadu","Sesame (Til)",8.95,79.83,"Medium",98.8,16.1949099258426,80.37555255459941,0.34,0.56,0.47,"{""pH"": 7.47, ""EC"": 1.89, ""Organic_Carbon"": 0.73, ""Nitrogen"": 169.0, ""Phosphorus"": 9.0, ""Potassium"": 396.0, ""Zinc"": 2.92, ""Iron"": 13.98, ""Copper"": 0.94, ""Boron"": 0.76, ""Soil_Type"": ""Silty Loam"", ""Irrigation_Type"": ""Drip"", ""Crop_Season"": ""Rabi"", ""Survey_Number"": ""AP-003089""}",NULL,NULL
"AND-GUN-000971","Anand Kaza","PEDDARAVURU","Guntur","Pedakakani","Sesame (Til)",10.12,83.73,"Low",96.7,16.20244294030568,80.67380835249436,0.67,0.24,0.26,"{""pH"": 6.66, ""EC"": 0.51, ""Organic_Carbon"": 0.98, ""Nitrogen"": 121.0, ""Phosphorus"": 69.0, ""Potassium"": 273.0, ""Zinc"": 2.74, ""Iron"": 11.42, ""Copper"": 0.18, ""Boron"": 0.13, ""Soil_Type"": ""Clay Loam"", ""Irrigation_Type"": ""Borewell"", ""Crop_Season"": ""Rabi"", ""Survey_Number"": ""AP-000971""}",NULL,NULL
"AND-GUN-008325","Narasimha Naidu","PEDDARAVURU","Guntur","Pedakakani","Bajra (Pearl Millet)",1.44,54.8,"High",98.8,16.200302101966948,80.65993506641978,0.34,0.33,0.45,"{""pH"": 5.52, ""EC"": 0.67, ""Organic_Carbon"": 0.34, ""Nitrogen"": 140.0, ""Phosphorus"": 19.0, ""Potassium"": 295.0, ""Zinc"": 1.62, ""Iron"": 10.41, ""Copper"": 1.19, ""Boron"": 1.45, ""Soil_Type"": ""Silty Loam"", ""Irrigation_Type"": ""Sprinkler"", ""Crop_Season"": ""Kharif"", ""Survey_Number"": ""AP-008325""}",NULL,NULL
"AND-GUN-007671","Siva Yarlagadda","PATAREDDIPALEM","Guntur","Chebrolu","Jowar (Sorghum)",11.66,88.87,"Low",87.8,16.17088420619356,80.50673471642476,0.67,0.24,0.23,"{""pH"": 7.6, ""EC"": 0.28, ""Organic_Carbon"": 0.38, ""Nitrogen"": 243.0, ""Phosphorus"": 62.0, ""Potassium"": 539.0, ""Zinc"": 2.86, ""Iron"": 9.49, ""Copper"": 1.1, ""Boron"": 2.4, ""Soil_Type"": ""Clay Loam"", ""Irrigation_Type"": ""Canal"", ""Crop_Season"": ""Rabi"", ""Survey_Number"": ""AP-007671""}",NULL,NULL
"AND-GUN-008228","Satyanarayana Daggubati","PATAREDDIPALEM","Guntur","Chebrolu","Paddy (Rice)",2.32,57.73,"High",94.7,16.168040077892286,80.49937467841909,0.43,0.25,0.35,"{""pH"": 5.35, ""EC"": 1.99, ""Organic_Carbon"": 1.5, ""Nitrogen"": 318.0, ""Phosphorus"": 51.0, ""Potassium"": 529.0, ""Zinc"": 0.79, ""Iron"": 13.11, ""Copper"": 0.9, ""Boron"": 2.08, ""Soil_Type"": ""Sandy"", ""Irrigation_Type"": ""Canal"", ""Crop_Season"": ""Zaid"", ""Survey_Number"": ""AP-008228""}",NULL,NULL
"AND-GUN-006068","Gopi Kaza","SRIRANGAPURAM","Guntur","Chebrolu","Black Gram (Urad)",5.34,67.8,"Medium",89.5,16.204320037274286,80.55157808415868,0.48,0.4,0.26,"{""pH"": 5.79, ""EC"": 2.7, ""Organic_Carbon"": 0.28, ""Nitrogen"": 105.0, ""Phosphorus"": 43.0, ""Potassium"": 475.0, ""Zinc"": 0.75, ""Iron"": 2.66, ""Copper"": 1.02, ""Boron"": 1.55, ""Soil_Type"": ""Clay"", ""Irrigation_Type"": ""Canal"", ""Crop_Season"": ""Rabi"", ""Survey_Number"": ""AP-006068""}",NULL,NULL
"AND-GUN-006411","Ravi Pothineni","SRIRANGAPURAM","Guntur","Chebrolu","Bajra (Pearl Millet)",1.19,53.97,"High",89.4,16.20674961512508,80.55015734292267,0.74,0.35,0.32,"{""pH"": 5.41, ""EC"": 1.47, ""Organic_Carbon"": 0.77, ""Nitrogen"": 441.0, ""Phosphorus"": 68.0, ""Potassium"": 521.0, ""Zinc"": 3.08, ""Iron"": 4.29, ""Copper"": 1.3, ""Boron"": 0.51, ""Soil_Type"": ""Sandy"", ""Irrigation_Type"": ""Drip"", ""Crop_Season"": ""Zaid"", ""Survey_Number"": ""AP-006411""}",NULL,NULL
"AND-GUN-001912","Narasimha Uppalapati","GARLAPADU","Guntur","Vatticherukuru","Maize",13.21,94.03,"Low",97.9,16.215575637153574,80.40948598537842,0.53,0.33,0.4,"{""pH"": 8.45, ""EC"": 0.24, ""Organic_Carbon"": 1.17, ""Nitrogen"": 174.0, ""Phosphorus"": 79.0, ""Potassium"": 176.0, ""Zinc"": 0.47, ""Iron"": 7.87, ""Copper"": 0.34, ""Boron"": 0.48, ""Soil_Type"": ""Sandy"", ""Irrigation_Type"": ""Sprinkler"", ""Crop_Season"": ""Zaid"", ""Survey_Number"": ""AP-001912""}",NULL,NULL
"AND-GUN-007936","Krishna Vemula","GARLAPADU","Guntur","Vatticherukuru","Mango",2.27,57.57,"High",92.8,16.21167683159638,80.39580773649924,0.66,0.36,0.32,"{""pH"": 7.44, ""EC"": 2.94, ""Organic_Carbon"": 0.68, ""Nitrogen"": 184.0, ""Phosphorus"": 39.0, ""Potassium"": 308.0, ""Zinc"": 0.35, ""Iron"": 6.77, ""Copper"": 1.91, ""Boron"": 1.31, ""Soil_Type"": ""Loamy"", ""Irrigation_Type"": ""Canal"", ""Crop_Season"": ""Rabi"", ""Survey_Number"": ""AP-007936""}",NULL,NULL
"AND-GUN-007291","Subba Rao Golla","CHINNA RAVURU","Guntur","Pedakakani","Green Gram (Moong)",10.97,86.57,"Low",89.8,16.228286958979087,80.68737697163819,0.6,0.34,0.27,"{""pH"": 6.42, ""EC"": 0.33, ""Organic_Carbon"": 1.12, ""Nitrogen"": 184.0, ""Phosphorus"": 60.0, ""Potassium"": 553.0, ""Zinc"": 2.03, ""Iron"": 12.93, ""Copper"": 1.72, ""Boron"": 1.54, ""Soil_Type"": ""Silty Loam"", ""Irrigation_Type"": ""Drip"", ""Crop_Season"": ""Zaid"", ""Survey_Number"": ""AP-007291""}",NULL,NULL
"AND-GUN-008604","Narasimha Naidu","CHAMALLAMUDI","Guntur","Vatticherukuru","Sweet Orange",2.74,59.13,"High",88.0,16.21173589785312,80.44599024388678,0.79,0.37,0.47,"{""pH"": 7.19, ""EC"": 0.39, ""Organic_Carbon"": 1.31, ""Nitrogen"": 118.0, ""Phosphorus"": 57.0, ""Potassium"": 446.0, ""Zinc"": 0.93, ""Iron"": 14.99, ""Copper"": 0.27, ""Boron"": 1.21, ""Soil_Type"": ""Clay"", ""Irrigation_Type"": ""Canal"", ""Crop_Season"": ""Rabi"", ""Survey_Number"": ""AP-008604""}",NULL,NULL
"AND-GUN-008754","Ravi Raju","CHAMALLAMUDI","Guntur","Vatticherukuru","Ragi (Finger Millet)",3.02,60.07,"Medium",94.8,16.221895415131463,80.41783990062211,0.42,0.35,0.34,"{""pH"": 6.81, ""EC"": 0.16, ""Organic_Carbon"": 0.26, ""Nitrogen"": 122.0, ""Phosphorus"": 73.0, ""Potassium"": 528.0, ""Zinc"": 0.61, ""Iron"": 2.88, ""Copper"": 1.35, ""Boron"": 1.09, ""Soil_Type"": ""Loamy"", ""Irrigation_Type"": ""Sprinkler"", ""Crop_Season"": ""Kharif"", ""Survey_Number"": ""AP-008754""}",NULL,NULL
"AND-GUN-005207","Lakshmi Nandamuri","CHEBROLU","Guntur","Chebrolu","Sunflower",12.13,90.43,"Low",90.0,16.17869041931573,80.52781602577134,0.4,0.22,0.39,"{""pH"": 6.24, ""EC"": 1.57, ""Organic_Carbon"": 1.18, ""Nitrogen"": 233.0, ""Phosphorus"": 6.0, ""Potassium"": 453.0, ""Zinc"": 2.46, ""Iron"": 3.25, ""Copper"": 1.44, ""Boron"": 0.54, ""Soil_Type"": ""Loamy"", ""Irrigation_Type"": ""Rainfed"", ""Crop_Season"": ""Kharif"", ""Survey_Number"": ""AP-005207""}",NULL,NULL
"AND-GUN-000751","Kiran Golla","NADIMPALEM","Guntur","Prathipadu","Maize",2.2,57.33,"High",87.7,16.20209228704158,80.309697876307,0.41,0.56,0.4,"{""pH"": 7.19, ""EC"": 0.79, ""Organic_Carbon"": 0.89, ""Nitrogen"": 241.0, ""Phosphorus"": 33.0, ""Potassium"": 494.0, ""Zinc"": 1.49, ""Iron"": 3.32, ""Copper"": 1.49, ""Boron"": 2.21, ""Soil_Type"": ""Sandy Loam"", ""Irrigation_Type"": ""Drip"", ""Crop_Season"": ""Zaid"", ""Survey_Number"": ""AP-000751""}",NULL,NULL
"AND-GUN-004680","Ramu Varma","NADIMPALEM","Guntur","Prathipadu","Horse Gram",9.65,82.17,"Low",98.5,16.202301929108188,80.2975713051845,0.33,0.56,0.2,"{""pH"": 8.11, ""EC"": 0.16, ""Organic_Carbon"": 1.03, ""Nitrogen"": 313.0, ""Phosphorus"": 63.0, ""Potassium"": 597.0, ""Zinc"": 1.88, ""Iron"": 4.56, ""Copper"": 0.32, ""Boron"": 2.46, ""Soil_Type"": ""Sandy Loam"", ""Irrigation_Type"": ""Canal"", ""Crop_Season"": ""Zaid"", ""Survey_Number"": ""AP-004680""}",NULL,NULL
"AND-GUN-005578","Mahesh Konidela","NADIMPALEM","Guntur","Prathipadu","Oil Palm",14.75,99.17,"Low",94.1,16.204029135667096,80.30467189341222,0.48,0.47,0.38,"{""pH"": 6.43, ""EC"": 1.62, ""Organic_Carbon"": 1.17, ""Nitrogen"": 357.0, ""Phosphorus"": 41.0, ""Potassium"": 155.0, ""Zinc"": 0.55, ""Iron"": 10.32, ""Copper"": 1.7, ""Boron"": 1.27, ""Soil_Type"": ""Sandy Loam"", ""Irrigation_Type"": ""Canal"", ""Crop_Season"": ""Kharif"", ""Survey_Number"": ""AP-005578""}",NULL,NULL
"AND-GUN-008388","Lakshmi Ghattamaneni","NADIMPALEM","Guntur","Prathipadu","Chilli",5.33,67.77,"Medium",94.0,16.21205031344389,80.29436605717744,0.52,0.22,0.39,"{""pH"": 6.8, ""EC"": 0.56, ""Organic_Carbon"": 0.48, ""Nitrogen"": 373.0, ""Phosphorus"": 31.0, ""Potassium"": 250.0, ""Zinc"": 3.34, ""Iron"": 2.7, ""Copper"": 1.18, ""Boron"": 0.39, ""Soil_Type"": ""Clay"", ""Irrigation_Type"": ""Borewell"", ""Crop_Season"": ""Kharif"", ""Survey_Number"": ""AP-008388""}",NULL,NULL
"AND-GUN-009964","Krishna Rao","NADIMPALEM","Guntur","Prathipadu","Chilli",8.47,78.23,"Medium",85.7,16.200309518314548,80.29964648922056,0.42,0.58,0.28,"{""pH"": 8.52, ""EC"": 2.12, ""Organic_Carbon"": 1.06, ""Nitrogen"": 371.0, ""Phosphorus"": 14.0, ""Potassium"": 139.0, ""Zinc"": 3.18, ""Iron"": 10.68, ""Copper"": 0.96, ""Boron"": 1.2, ""Soil_Type"": ""Sandy"", ""Irrigation_Type"": ""Canal"", ""Crop_Season"": ""Rabi"", ""Survey_Number"": ""AP-009964""}",NULL,NULL
"AND-GUN-000279","Babu Nimmagadda","GODAYARRU","Guntur","Chebrolu","Banana",10.68,85.6,"Low",94.7,16.22225942599463,80.51019517772014,0.66,0.29,0.43,"{""pH"": 7.92, ""EC"": 1.84, ""Organic_Carbon"": 1.13, ""Nitrogen"": 286.0, ""Phosphorus"": 62.0, ""Potassium"": 196.0, ""Zinc"": 0.52, ""Iron"": 10.57, ""Copper"": 0.1, ""Boron"": 0.95, ""Soil_Type"": ""Clay Loam"", ""Irrigation_Type"": ""Drip"", ""Crop_Season"": ""Rabi"", ""Survey_Number"": ""AP-000279""}",NULL,NULL
"AND-GUN-000776","Venkatesh Kothapalli","GODAVARRU","Guntur","Duggirala","Bajra (Pearl Millet)",2.67,58.9,"High",92.1,16.232087208893073,80.48205382856776,0.69,0.35,0.44,"{""pH"": 6.9, ""EC"": 2.07, ""Organic_Carbon"": 0.62, ""Nitrogen"": 218.0, ""Phosphorus"": 35.0, ""Potassium"": 187.0, ""Zinc"": 3.17, ""Iron"": 4.26, ""Copper"": 1.8, ""Boron"": 1.91, ""Soil_Type"": ""Sandy Loam"", ""Irrigation_Type"": ""Sprinkler"", ""Crop_Season"": ""Kharif"", ""Survey_Number"": ""AP-000776""}",NULL,NULL
"AND-GUN-004441","Prasad Kodali","GODAYARRU","Guntur","Chebrolu","Onion",13.18,93.93,"Low",91.2,16.223701510885665,80.48553785843237,0.54,0.52,0.49,"{""pH"": 8.63, ""EC"": 2.56, ""Organic_Carbon"": 1.08, ""Nitrogen"": 130.0, ""Phosphorus"": 57.0, ""Potassium"": 420.0, ""Zinc"": 3.32, ""Iron"": 2.42, ""Copper"": 1.93, ""Boron"": 1.89, ""Soil_Type"": ""Silty Loam"", ""Irrigation_Type"": ""Rainfed"", ""Crop_Season"": ""Rabi"", ""Survey_Number"": ""AP-004441""}",NULL,NULL
"AND-GUN-004588","Prasad Allu","GODAVARRU","Guntur","Duggirala","Ragi (Finger Millet)",2.4,58.0,"High",96.9,16.222637441882917,80.48598156544884,0.5,0.26,0.38,"{""pH"": 6.33, ""EC"": 1.46, ""Organic_Carbon"": 0.32, ""Nitrogen"": 132.0, ""Phosphorus"": 77.0, ""Potassium"": 419.0, ""Zinc"": 0.45, ""Iron"": 13.45, ""Copper"": 0.11, ""Boron"": 0.75, ""Soil_Type"": ""Loamy"", ""Irrigation_Type"": ""Drip"", ""Crop_Season"": ""Rabi"", ""Survey_Number"": ""AP-004588""}",NULL,NULL
"AND-GUN-005563","Saraswathi Golla","GODAYARRU","Guntur","Chebrolu","Groundnut",4.32,64.4,"Medium",86.7,16.211960983667545,80.4561493903864,0.43,0.38,0.26,"{""pH"": 7.98, ""EC"": 0.18, ""Organic_Carbon"": 1.27, ""Nitrogen"": 234.0, ""Phosphorus"": 36.0, ""Potassium"": 431.0, ""Zinc"": 2.07, ""Iron"": 3.98, ""Copper"": 0.9, ""Boron"": 0.39, ""Soil_Type"": ""Clay"", ""Irrigation_Type"": ""Borewell"", ""Crop_Season"": ""Zaid"", ""Survey_Number"": ""AP-005563""}",NULL,NULL
"AND-GUN-006717","Ravi Nandamuri","GODAYARRU","Guntur","Chebrolu","Maize",1.8,56.0,"High",94.4,16.2212848032065,80.47283380013036,0.38,0.53,0.21,"{""pH"": 8.49, ""EC"": 1.46, ""Organic_Carbon"": 1.2, ""Nitrogen"": 108.0, ""Phosphorus"": 60.0, ""Potassium"": 379.0, ""Zinc"": 0.64, ""Iron"": 11.0, ""Copper"": 0.39, ""Boron"": 2.2, ""Soil_Type"": ""Sandy Loam"", ""Irrigation_Type"": ""Borewell"", ""Crop_Season"": ""Zaid"", ""Survey_Number"": ""AP-006717""}",NULL,NULL
"AND-GUN-002979","Appa Rao Bandi","KURNUTALA","Guntur","Vatticherukuru","Maize",10.7,85.67,"Low",89.6,16.229649844075958,80.41027025230062,0.74,0.49,0.46,"{""pH"": 5.41, ""EC"": 1.48, ""Organic_Carbon"": 0.44, ""Nitrogen"": 446.0, ""Phosphorus"": 10.0, ""Potassium"": 262.0, ""Zinc"": 3.07, ""Iron"": 7.27, ""Copper"": 1.2, ""Boron"": 2.39, ""Soil_Type"": ""Sandy Loam"", ""Irrigation_Type"": ""Canal"", ""Crop_Season"": ""Zaid"", ""Survey_Number"": ""AP-002979""}",NULL,NULL
"AND-GUN-006099","Sai Mekapati","KURNUTALA","Guntur","Vatticherukuru","Onion",3.37,61.23,"Medium",94.3,16.235113079487636,80.385733608502,0.43,0.39,0.35,"{""pH"": 7.51, ""EC"": 2.81, ""Organic_Carbon"": 0.43, ""Nitrogen"": 411.0, ""Phosphorus"": 17.0, ""Potassium"": 519.0, ""Zinc"": 2.58, ""Iron"": 8.23, ""Copper"": 1.51, ""Boron"": 1.21, ""Soil_Type"": ""Silty Loam"", ""Irrigation_Type"": ""Canal"", ""Crop_Season"": ""Kharif"", ""Survey_Number"": ""AP-006099""}",NULL,NULL
"AND-GUN-008157","Rambabu Chowdary","KURNUTALA","Guntur","Vatticherukuru","Sugarcane",10.82,86.07,"Low",87.3,16.226740857483506,80.39870454897813,0.52,0.3,0.3,"{""pH"": 8.78, ""EC"": 2.64, ""Organic_Carbon"": 1.5, ""Nitrogen"": 240.0, ""Phosphorus"": 36.0, ""Potassium"": 189.0, ""Zinc"": 0.31, ""Iron"": 8.61, ""Copper"": 1.6, ""Boron"": 0.46, ""Soil_Type"": ""Clay"", ""Irrigation_Type"": ""Borewell"", ""Crop_Season"": ""Kharif"", ""Survey_Number"": ""AP-008157""}",NULL,NULL
"AND-GUN-009798","Prasad Uppalapati","ANANTAVARAPPADU","Guntur","Vatticherukuru","Tomato",9.86,82.87,"Low",95.6,16.223292975586077,80.44741840289981,0.59,0.45,0.27,"{""pH"": 7.12, ""EC"": 2.87, ""Organic_Carbon"": 1.13, ""Nitrogen"": 219.0, ""Phosphorus"": 38.0, ""Potassium"": 175.0, ""Zinc"": 0.33, ""Iron"": 13.51, ""Copper"": 1.17, ""Boron"": 2.35, ""Soil_Type"": ""Clay Loam"", ""Irrigation_Type"": ""Sprinkler"", ""Crop_Season"": ""Rabi"", ""Survey_Number"": ""AP-009798""}",NULL,NULL
"AND-GUN-005189","Saraswathi Kambhampati","ENAMADALA","Guntur","Prathipadu","Tomato",14.1,97.0,"Low",86.4,16.20205749369697,80.36802689585832,0.5,0.47,0.44,"{""pH"": 7.16, ""EC"": 2.29, ""Organic_Carbon"": 0.79, ""Nitrogen"": 188.0, ""Phosphorus"": 52.0, ""Potassium"": 386.0, ""Zinc"": 0.35, ""Iron"": 8.41, ""Copper"": 1.5, ""Boron"": 1.39, ""Soil_Type"": ""Sandy Loam"", ""Irrigation_Type"": ""Borewell"", ""Crop_Season"": ""Rabi"", ""Survey_Number"": ""AP-005189""}",NULL,NULL
"AND-GUN-009976","Narasimha Pothineni","ENAMADALA","Guntur","Prathipadu","Tomato",3.2,60.67,"Medium",85.6,16.210431842650973,80.36335132302614,0.57,0.32,0.29,"{""pH"": 8.79, ""EC"": 0.29, ""Organic_Carbon"": 0.98, ""Nitrogen"": 410.0, ""Phosphorus"": 13.0, ""Potassium"": 118.0, ""Zinc"": 2.04, ""Iron"": 8.62, ""Copper"": 0.14, ""Boron"": 1.06, ""Soil_Type"": ""Clay"", ""Irrigation_Type"": ""Rainfed"", ""Crop_Season"": ""Zaid"", ""Survey_Number"": ""AP-009976""}",NULL,NULL
"AND-GUN-002551","Appa Rao Yarlagadda","INDULAPALEM","Guntur","Prathipadu","Cotton",5.56,68.53,"Medium",85.9,16.231979038132373,80.31455932751513,0.67,0.45,0.36,"{""pH"": 6.07, ""EC"": 0.25, ""Organic_Carbon"": 0.77, ""Nitrogen"": 297.0, ""Phosphorus"": 77.0, ""Potassium"": 218.0, ""Zinc"": 1.49, ""Iron"": 9.1, ""Copper"": 0.34, ""Boron"": 1.88, ""Soil_Type"": ""Sandy"", ""Irrigation_Type"": ""Canal"", ""Crop_Season"": ""Kharif"", ""Survey_Number"": ""AP-002551""}",NULL,NULL
"AND-GUN-003642","Subba Rao Kothapalli","INDULAPALEM","Guntur","Prathipadu","Sugarcane",13.67,95.57,"Low",90.2,16.24011872488122,80.31941400657604,0.71,0.52,0.37,"{""pH"": 8.69, ""EC"": 2.47, ""Organic_Carbon"": 0.32, ""Nitrogen"": 379.0, ""Phosphorus"": 39.0, ""Potassium"": 454.0, ""Zinc"": 1.86, ""Iron"": 13.26, ""Copper"": 0.53, ""Boron"": 0.21, ""Soil_Type"": ""Silty Loam"", ""Irrigation_Type"": ""Rainfed"", ""Crop_Season"": ""Kharif"", ""Survey_Number"": ""AP-003642""}",NULL,NULL
"AND-GUN-009260","Mahesh Daggubati","INDULAPALEM","Guntur","Prathipadu","Sugarcane",2.38,57.93,"High",92.0,16.23985769118547,80.3167085406923,0.74,0.29,0.42,"{""pH"": 5.53, ""EC"": 1.9, ""Organic_Carbon"": 1.18, ""Nitrogen"": 154.0, ""Phosphorus"": 57.0, ""Potassium"": 440.0, ""Zinc"": 0.94, ""Iron"": 2.8, ""Copper"": 1.17, ""Boron"": 1.67, ""Soil_Type"": ""Clay Loam"", ""Irrigation_Type"": ""Rainfed"", ""Crop_Season"": ""Rabi"", ""Survey_Number"": ""AP-009260""}",NULL,NULL
"AND-GUN-000593","Prasad Dasari","NARAKODURU","Guntur","Chebrolu","Tomato",3.14,60.47,"Medium",93.5,16.236076930549597,80.48216766073223,0.71,0.29,0.29,"{""pH"": 5.8, ""EC"": 0.78, ""Organic_Carbon"": 0.96, ""Nitrogen"": 382.0, ""Phosphorus"": 64.0, ""Potassium"": 552.0, ""Zinc"": 1.32, ""Iron"": 3.12, ""Copper"": 1.71, ""Boron"": 1.13, ""Soil_Type"": ""Clay Loam"", ""Irrigation_Type"": ""Canal"", ""Crop_Season"": ""Kharif"", ""Survey_Number"": ""AP-000593""}",NULL,NULL
"AND-GUN-005380","Srinivas Rao","NARAKODURU","Guntur","Chebrolu","Mango",3.96,63.2,"Medium",85.6,16.24414540485434,80.49743158955359,0.36,0.45,0.48,"{""pH"": 8.71, ""EC"": 1.62, ""Organic_Carbon"": 0.79, ""Nitrogen"": 275.0, ""Phosphorus"": 24.0, ""Potassium"": 357.0, ""Zinc"": 3.12, ""Iron"": 4.1, ""Copper"": 0.32, ""Boron"": 0.8, ""Soil_Type"": ""Sandy"", ""Irrigation_Type"": ""Canal"", ""Crop_Season"": ""Rabi"", ""Survey_Number"": ""AP-005380""}",NULL,NULL
"AND-GUN-005477","Saraswathi Reddy","NARAKODURU","Guntur","Chebrolu","Bengal Gram (Chickpea)",5.28,67.6,"Medium",85.0,16.231793833230487,80.47821482351095,0.7,0.24,0.25,"{""pH"": 5.32, ""EC"": 0.64, ""Organic_Carbon"": 0.48, ""Nitrogen"": 308.0, ""Phosphorus"": 43.0, ""Potassium"": 496.0, ""Zinc"": 2.49, ""Iron"": 10.41, ""Copper"": 1.13, ""Boron"": 0.22, ""Soil_Type"": ""Silty Loam"", ""Irrigation_Type"": ""Borewell"", ""Crop_Season"": ""Rabi"", ""Survey_Number"": ""AP-005477""}",NULL,NULL
"AND-GUN-005654","Sai Pothineni","NARAKODURU","Guntur","Chebrolu","Bengal Gram (Chickpea)",5.61,68.7,"Medium",93.5,16.231858630581062,80.4881231625579,0.48,0.47,0.34,"{""pH"": 6.97, ""EC"": 2.31, ""Organic_Carbon"": 0.89, ""Nitrogen"": 190.0, ""Phosphorus"": 62.0, ""Potassium"": 130.0, ""Zinc"": 1.49, ""Iron"": 14.22, ""Copper"": 1.95, ""Boron"": 2.12, ""Soil_Type"": ""Sandy"", ""Irrigation_Type"": ""Borewell"", ""Crop_Season"": ""Rabi"", ""Survey_Number"": ""AP-005654""}",NULL,NULL
"AND-GUN-009543","Siva Nimmagadda","NARAKODURU","Guntur","Chebrolu","Sunflower",5.55,68.5,"Medium",85.8,16.227173292347363,80.47542059512786,0.4,0.23,0.45,"{""pH"": 7.31, ""EC"": 1.73, ""Organic_Carbon"": 1.33, ""Nitrogen"": 236.0, ""Phosphorus"": 53.0, ""Potassium"": 105.0, ""Zinc"": 2.28, ""Iron"": 6.57, ""Copper"": 0.29, ""Boron"": 2.47, ""Soil_Type"": ""Clay Loam"", ""Irrigation_Type"": ""Rainfed"", ""Crop_Season"": ""Zaid"", ""Survey_Number"": ""AP-009543""}",NULL,NULL
"AND-GUN-001678","Appa Rao Varma","VADLAMUDI","Guntur","Chebrolu","Red Gram (Pigeon Pea)",6.34,71.13,"Medium",98.6,16.23920060564424,80.55201515382744,0.64,0.46,0.42,"{""pH"": 5.85, ""EC"": 1.65, ""Organic_Carbon"": 0.64, ""Nitrogen"": 172.0, ""Phosphorus"": 10.0, ""Potassium"": 219.0, ""Zinc"": 0.99, ""Iron"": 4.37, ""Copper"": 1.19, ""Boron"": 0.7, ""Soil_Type"": ""Sandy Loam"", ""Irrigation_Type"": ""Rainfed"", ""Crop_Season"": ""Rabi"", ""Survey_Number"": ""AP-001678""}",NULL,NULL
"AND-GUN-000608","Prakash Akkineni","SANGAMJAGARIAMUDI","Guntur","Pedakakani","Black Gram (Urad)",5.78,69.27,"Medium",90.3,16.240389672264843,80.58324255071396,0.34,0.21,0.44,"{""pH"": 5.35, ""EC"": 1.32, ""Organic_Carbon"": 1.49, ""Nitrogen"": 272.0, ""Phosphorus"": 29.0, ""Potassium"": 144.0, ""Zinc"": 0.93, ""Iron"": 13.47, ""Copper"": 1.61, ""Boron"": 2.09, ""Soil_Type"": ""Silty Loam"", ""Irrigation_Type"": ""Canal"", ""Crop_Season"": ""Zaid"", ""Survey_Number"": ""AP-000608""}",NULL,NULL
"AND-GUN-009640","Babu Goud","SANGAMJAGARIAMUDI","Guntur","Pedakakani","Chilli",0.81,52.7,"High",92.0,16.229575654092855,80.58137509594393,0.44,0.59,0.42,"{""pH"": 6.21, ""EC"": 1.59, ""Organic_Carbon"": 0.49, ""Nitrogen"": 379.0, ""Phosphorus"": 54.0, ""Potassium"": 304.0, ""Zinc"": 1.99, ""Iron"": 6.74, ""Copper"": 1.49, ""Boron"": 1.02, ""Soil_Type"": ""Sandy Loam"", ""Irrigation_Type"": ""Canal"", ""Crop_Season"": ""Rabi"", ""Survey_Number"": ""AP-009640""}",NULL,NULL
"AND-GUN-008835","Bhavani Chowdary","KORNEPADU","Guntur","Vatticherukuru","Chilli",14.18,97.27,"Low",90.3,16.246281718519707,80.41740121328864,0.63,0.28,0.32,"{""pH"": 6.71, ""EC"": 2.29, ""Organic_Carbon"": 0.72, ""Nitrogen"": 422.0, ""Phosphorus"": 27.0, ""Potassium"": 256.0, ""Zinc"": 1.76, ""Iron"": 14.96, ""Copper"": 0.23, ""Boron"": 1.96, ""Soil_Type"": ""Clay Loam"", ""Irrigation_Type"": ""Drip"", ""Crop_Season"": ""Zaid"", ""Survey_Number"": ""AP-008835""}",NULL,NULL
"AND-GUN-003219","Nageswara Rao Kothapalli","ANGALAKUDURU","Guntur","Pedakakani","Jowar (Sorghum)",10.92,86.4,"Low",86.4,16.235657007173238,80.60205033394193,0.49,0.37,0.25,"{""pH"": 8.47, ""EC"": 1.47, ""Organic_Carbon"": 0.88, ""Nitrogen"": 306.0, ""Phosphorus"": 6.0, ""Potassium"": 238.0, ""Zinc"": 1.89, ""Iron"": 6.03, ""Copper"": 1.99, ""Boron"": 1.23, ""Soil_Type"": ""Loamy"", ""Irrigation_Type"": ""Canal"", ""Crop_Season"": ""Kharif"", ""Survey_Number"": ""AP-003219""}",NULL,NULL
"AND-GUN-006544","Suresh Kodali","CHOWDAVARAM","Guntur","Guntur","Coconut",4.39,64.63,"Medium",88.3,16.243803268977018,80.35251152985131,0.57,0.47,0.34,"{""pH"": 7.17, ""EC"": 0.64, ""Organic_Carbon"": 1.38, ""Nitrogen"": 344.0, ""Phosphorus"": 76.0, ""Potassium"": 118.0, ""Zinc"": 1.78, ""Iron"": 3.75, ""Copper"": 0.62, ""Boron"": 0.36, ""Soil_Type"": ""Silty Loam"", ""Irrigation_Type"": ""Canal"", ""Crop_Season"": ""Rabi"", ""Survey_Number"": ""AP-006544""}",NULL,NULL
"AND-GUN-003061","Siva Chowdary","BUDAMPADU","Guntur","Guntur","Sweet Orange",4.81,66.03,"Medium",95.0,16.255599316733335,80.48595699478562,0.8,0.46,0.4,"{""pH"": 5.88, ""EC"": 0.18, ""Organic_Carbon"": 0.21, ""Nitrogen"": 320.0, ""Phosphorus"": 12.0, ""Potassium"": 310.0, ""Zinc"": 2.52, ""Iron"": 6.07, ""Copper"": 1.34, ""Boron"": 1.09, ""Soil_Type"": ""Loamy"", ""Irrigation_Type"": ""Sprinkler"", ""Crop_Season"": ""Kharif"", ""Survey_Number"": ""AP-003061""}",NULL,NULL
"AND-GUN-006517","Saraswathi Vemula","BUDAMPADU","Guntur","Guntur","Black Gram (Urad)",12.76,92.53,"Low",86.7,16.259230373587958,80.47043965789138,0.7,0.33,0.37,"{""pH"": 6.75, ""EC"": 0.15, ""Organic_Carbon"": 0.33, ""Nitrogen"": 210.0, ""Phosphorus"": 70.0, ""Potassium"": 242.0, ""Zinc"": 2.59, ""Iron"": 11.34, ""Copper"": 1.64, ""Boron"": 1.07, ""Soil_Type"": ""Loamy"", ""Irrigation_Type"": ""Borewell"", ""Crop_Season"": ""Zaid"", ""Survey_Number"": ""AP-006517""}",NULL,NULL
"AND-GUN-000917","Narasimha Bandi","ETUKURU","Guntur","Guntur","Oil Palm",4.77,65.9,"Medium",98.6,16.24087476270912,80.4388453976486,0.5,0.47,0.3,"{""pH"": 7.45, ""EC"": 1.23, ""Organic_Carbon"": 0.81, ""Nitrogen"": 240.0, ""Phosphorus"": 46.0, ""Potassium"": 126.0, ""Zinc"": 0.66, ""Iron"": 5.24, ""Copper"": 1.17, ""Boron"": 0.41, ""Soil_Type"": ""Clay Loam"", ""Irrigation_Type"": ""Rainfed"", ""Crop_Season"": ""Rabi"", ""Survey_Number"": ""AP-000917""}",NULL,NULL
"AND-GUN-000069","Kiran Bandi","TENALI","Guntur","Tenali","Sweet Orange",1.58,55.27,"High",95.4,16.24246426643531,80.6330933114823,0.5,0.45,0.42,"{""pH"": 7.59, ""EC"": 0.62, ""Organic_Carbon"": 0.43, ""Nitrogen"": 412.0, ""Phosphorus"": 53.0, ""Potassium"": 326.0, ""Zinc"": 1.84, ""Iron"": 9.58, ""Copper"": 0.54, ""Boron"": 1.63, ""Soil_Type"": ""Sandy Loam"", ""Irrigation_Type"": ""Borewell"", ""Crop_Season"": ""Kharif"", ""Survey_Number"": ""AP-000069""}",NULL,NULL
"AND-GUN-000409","Ramesh Yarlagadda","TENALI","Guntur","Tenali","Tobacco",13.63,95.43,"Low",91.3,16.2334136010785,80.63595365157161,0.48,0.33,0.22,"{""pH"": 6.46, ""EC"": 1.09, ""Organic_Carbon"": 1.26, ""Nitrogen"": 402.0, ""Phosphorus"": 60.0, ""Potassium"": 525.0, ""Zinc"": 2.07, ""Iron"": 6.45, ""Copper"": 1.42, ""Boron"": 0.52, ""Soil_Type"": ""Sandy Loam"", ""Irrigation_Type"": ""Sprinkler"", ""Crop_Season"": ""Rabi"", ""Survey_Number"": ""AP-000409""}",NULL,NULL
"AND-GUN-001118","Venkatesh Daggubati","TENALI","Guntur","Tenali","Turmeric",13.22,94.07,"Low",90.4,16.26383949820516,80.65926782492471,0.63,0.2,0.27,"{""pH"": 6.6, ""EC"": 1.98, ""Organic_Carbon"": 0.85, ""Nitrogen"": 158.0, ""Phosphorus"": 56.0, ""Potassium"": 275.0, ""Zinc"": 2.66, ""Iron"": 10.99, ""Copper"": 1.2, ""Boron"": 2.05, ""Soil_Type"": ""Clay"", ""Irrigation_Type"": ""Drip"", ""Crop_Season"": ""Zaid"", ""Survey_Number"": ""AP-001118""}",NULL,NULL
"AND-GUN-002607","Ravi Uppalapati","TENALI","Guntur","Tenali","Jowar (Sorghum)",1.18,53.93,"High",90.7,16.243562805869196,80.62136695834326,0.5,0.22,0.35,"{""pH"": 8.63, ""EC"": 0.14, ""Organic_Carbon"": 0.27, ""Nitrogen"": 353.0, ""Phosphorus"": 45.0, ""Potassium"": 400.0, ""Zinc"": 3.32, ""Iron"": 9.74, ""Copper"": 1.1, ""Boron"": 0.78, ""Soil_Type"": ""Sandy"", ""Irrigation_Type"": ""Rainfed"", ""Crop_Season"": ""Rabi"", ""Survey_Number"": ""AP-002607""}",NULL,NULL
"AND-GUN-002783","Narasimha Uppalapati","TENALI","Guntur","Tenali","Sunflower",14.73,99.1,"Low",96.4,16.22297672326126,80.64618574621163,0.38,0.33,0.43,"{""pH"": 6.35, ""EC"": 0.71, ""Organic_Carbon"": 0.96, ""Nitrogen"": 236.0, ""Phosphorus"": 24.0, ""Potassium"": 444.0, ""Zinc"": 2.63, ""Iron"": 2.25, ""Copper"": 0.53, ""Boron"": 0.16, ""Soil_Type"": ""Silty Loam"", ""Irrigation_Type"": ""Drip"", ""Crop_Season"": ""Zaid"", ""Survey_Number"": ""AP-002783""}",NULL,NULL
"AND-GUN-003137","Parvathi Kodali","TENALI","Guntur","Tenali","Chilli",11.27,87.57,"Low",98.2,16.252671718537336,80.65243528141445,0.39,0.6,0.34,"{""pH"": 7.85, ""EC"": 1.67, ""Organic_Carbon"": 0.6, ""Nitrogen"": 340.0, ""Phosphorus"": 62.0, ""Potassium"": 600.0, ""Zinc"": 3.19, ""Iron"": 3.99, ""Copper"": 1.58, ""Boron"": 1.19, ""Soil_Type"": ""Clay"", ""Irrigation_Type"": ""Rainfed"", ""Crop_Season"": ""Zaid"", ""Survey_Number"": ""AP-003137""}",NULL,NULL
"AND-GUN-003993","Bhavani Chowdary","TENALI","Guntur","Tenali","Turmeric",11.41,88.03,"Low",94.7,16.2422283142035,80.64347025676882,0.78,0.42,0.2,"{""pH"": 6.17, ""EC"": 1.26, ""Organic_Carbon"": 0.22, ""Nitrogen"": 328.0, ""Phosphorus"": 42.0, ""Potassium"": 348.0, ""Zinc"": 0.89, ""Iron"": 4.33, ""Copper"": 1.63, ""Boron"": 2.13, ""Soil_Type"": ""Sandy"", ""Irrigation_Type"": ""Borewell"", ""Crop_Season"": ""Kharif"", ""Survey_Number"": ""AP-003993""}",NULL,NULL
"AND-GUN-004305","Krishna Nandamuri","TENALI","Guntur","Tenali","Bajra (Pearl Millet)",12.51,91.7,"Low",96.5,16.233759328747446,80.6620770348735,0.74,0.37,0.38,"{""pH"": 7.67, ""EC"": 1.96, ""Organic_Carbon"": 1.04, ""Nitrogen"": 329.0, ""Phosphorus"": 49.0, ""Potassium"": 363.0, ""Zinc"": 2.88, ""Iron"": 5.88, ""Copper"": 1.02, ""Boron"": 1.87, ""Soil_Type"": ""Sandy"", ""Irrigation_Type"": ""Borewell"", ""Crop_Season"": ""Kharif"", ""Survey_Number"": ""AP-004305""}",NULL,NULL
"AND-GUN-004461","Satyanarayana Raju","TENALI","Guntur","Tenali","Mango",6.34,71.13,"Medium",94.3,16.234393967975567,80.62577847710345,0.42,0.39,0.47,"{""pH"": 6.12, ""EC"": 2.29, ""Organic_Carbon"": 1.15, ""Nitrogen"": 318.0, ""Phosphorus"": 38.0, ""Potassium"": 201.0, ""Zinc"": 3.26, ""Iron"": 5.88, ""Copper"": 1.5, ""Boron"": 0.97, ""Soil_Type"": ""Clay"", ""Irrigation_Type"": ""Sprinkler"", ""Crop_Season"": ""Zaid"", ""Survey_Number"": ""AP-004461""}",NULL,NULL
"AND-GUN-004715","Narasimha Mekapati","TENALI","Guntur","Tenali","Jowar (Sorghum)",7.94,76.47,"Medium",94.8,16.225073736792698,80.65185541897243,0.36,0.42,0.42,"{""pH"": 7.94, ""EC"": 0.6, ""Organic_Carbon"": 1.36, ""Nitrogen"": 265.0, ""Phosphorus"": 67.0, ""Potassium"": 397.0, ""Zinc"": 2.24, ""Iron"": 12.66, ""Copper"": 0.52, ""Boron"": 1.38, ""Soil_Type"": ""Silty Loam"", ""Irrigation_Type"": ""Rainfed"", ""Crop_Season"": ""Rabi"", ""Survey_Number"": ""AP-004715""}",NULL,NULL
"AND-GUN-005071","Appa Rao Akkineni","TENALI","Guntur","Tenali","Sugarcane",8.52,78.4,"Medium",95.4,16.247693740422445,80.62154072895656,0.67,0.28,0.46,"{""pH"": 6.63, ""EC"": 0.13, ""Organic_Carbon"": 0.55, ""Nitrogen"": 155.0, ""Phosphorus"": 80.0, ""Potassium"": 180.0, ""Zinc"": 2.63, ""Iron"": 9.73, ""Copper"": 0.99, ""Boron"": 1.99, ""Soil_Type"": ""Sandy Loam"", ""Irrigation_Type"": ""Drip"", ""Crop_Season"": ""Zaid"", ""Survey_Number"": ""AP-005071""}",NULL,NULL
"AND-GUN-005185","Siva Goud","TENALI","Guntur","Tenali","Cotton",11.4,88.0,"Low",98.6,16.253716294524242,80.641452405388,0.66,0.48,0.32,"{""pH"": 5.35, ""EC"": 1.27, ""Organic_Carbon"": 0.3, ""Nitrogen"": 231.0, ""Phosphorus"": 78.0, ""Potassium"": 307.0, ""Zinc"": 2.31, ""Iron"": 9.93, ""Copper"": 0.76, ""Boron"": 0.49, ""Soil_Type"": ""Loamy"", ""Irrigation_Type"": ""Borewell"", ""Crop_Season"": ""Rabi"", ""Survey_Number"": ""AP-005185""}",NULL,NULL
"AND-GUN-005367","Gopi Ghattamaneni","TENALI","Guntur","Tenali","Sesame (Til)",9.36,81.2,"Low",97.5,16.247584915682406,80.66170308689874,0.39,0.36,0.21,"{""pH"": 5.65, ""EC"": 2.53, ""Organic_Carbon"": 0.32, ""Nitrogen"": 338.0, ""Phosphorus"": 74.0, ""Potassium"": 297.0, ""Zinc"": 3.2, ""Iron"": 3.15, ""Copper"": 0.39, ""Boron"": 2.39, ""Soil_Type"": ""Silty Loam"", ""Irrigation_Type"": ""Borewell"", ""Crop_Season"": ""Zaid"", ""Survey_Number"": ""AP-005367""}",NULL,NULL
"AND-GUN-005457","Srinu Golla","TENALI","Guntur","Tenali","Cotton",5.82,69.4,"Medium",86.5,16.26243356610373,80.65506280012939,0.41,0.26,0.34,"{""pH"": 5.53, ""EC"": 0.8, ""Organic_Carbon"": 1.18, ""Nitrogen"": 264.0, ""Phosphorus"": 22.0, ""Potassium"": 591.0, ""Zinc"": 1.11, ""Iron"": 14.2, ""Copper"": 0.15, ""Boron"": 1.47, ""Soil_Type"": ""Loamy"", ""Irrigation_Type"": ""Drip"", ""Crop_Season"": ""Rabi"", ""Survey_Number"": ""AP-005457""}",NULL,NULL
"AND-GUN-005984","Saraswathi Pothineni","TENALI","Guntur","Tenali","Banana",1.15,53.83,"High",88.3,16.235155795994682,80.62115926430998,0.46,0.51,0.38,"{""pH"": 7.43, ""EC"": 0.89, ""Organic_Carbon"": 1.35, ""Nitrogen"": 242.0, ""Phosphorus"": 12.0, ""Potassium"": 427.0, ""Zinc"": 0.54, ""Iron"": 10.61, ""Copper"": 0.95, ""Boron"": 0.78, ""Soil_Type"": ""Loamy"", ""Irrigation_Type"": ""Canal"", ""Crop_Season"": ""Rabi"", ""Survey_Number"": ""AP-005984""}",NULL,NULL
"AND-GUN-006734","Babu Dasari","TENALI","Guntur","Tenali","Sugarcane",5.5,68.33,"Medium",85.8,16.249525928369522,80.65584196303338,0.66,0.36,0.21,"{""pH"": 5.9, ""EC"": 2.0, ""Organic_Carbon"": 1.15, ""Nitrogen"": 207.0, ""Phosphorus"": 34.0, ""Potassium"": 271.0, ""Zinc"": 1.42, ""Iron"": 10.84, ""Copper"": 0.24, ""Boron"": 2.09, ""Soil_Type"": ""Clay Loam"", ""Irrigation_Type"": ""Drip"", ""Crop_Season"": ""Rabi"", ""Survey_Number"": ""AP-006734""}",NULL,NULL
"AND-GUN-007207","Parvathi Yarlagadda","TENALI","Guntur","Tenali","Ragi (Finger Millet)",4.17,63.9,"Medium",86.0,16.250378069134634,80.63943278517534,0.67,0.26,0.28,"{""pH"": 5.56, ""EC"": 0.21, ""Organic_Carbon"": 0.23, ""Nitrogen"": 202.0, ""Phosphorus"": 37.0, ""Potassium"": 258.0, ""Zinc"": 0.22, ""Iron"": 11.03, ""Copper"": 1.95, ""Boron"": 2.01, ""Soil_Type"": ""Sandy Loam"", ""Irrigation_Type"": ""Sprinkler"", ""Crop_Season"": ""Zaid"", ""Survey_Number"": ""AP-007207""}",NULL,NULL
"AND-GUN-007408","Prasad Kothapalli","TENALI","Guntur","Tenali","Paddy (Rice)",14.57,98.57,"Low",89.8,16.229484946571976,80.64142140686303,0.69,0.51,0.32,"{""pH"": 8.07, ""EC"": 1.14, ""Organic_Carbon"": 1.48, ""Nitrogen"": 218.0, ""Phosphorus"": 58.0, ""Potassium"": 403.0, ""Zinc"": 2.68, ""Iron"": 13.82, ""Copper"": 0.11, ""Boron"": 1.78, ""Soil_Type"": ""Loamy"", ""Irrigation_Type"": ""Drip"", ""Crop_Season"": ""Rabi"", ""Survey_Number"": ""AP-007408""}",NULL,NULL
"AND-GUN-007649","Rambabu Mekapati","TENALI","Guntur","Tenali","Jowar (Sorghum)",5.13,67.1,"Medium",97.8,16.255413087311446,80.61946030746375,0.72,0.42,0.46,"{""pH"": 8.11, ""EC"": 2.15, ""Organic_Carbon"": 0.41, ""Nitrogen"": 192.0, ""Phosphorus"": 46.0, ""Potassium"": 499.0, ""Zinc"": 2.69, ""Iron"": 8.72, ""Copper"": 1.44, ""Boron"": 1.06, ""Soil_Type"": ""Silty Loam"", ""Irrigation_Type"": ""Drip"", ""Crop_Season"": ""Zaid"", ""Survey_Number"": ""AP-007649""}",NULL,NULL
"AND-GUN-007951","Narasimha Daggubati","TENALI","Guntur","Tenali","Sweet Orange",14.28,97.6,"Low",87.7,16.258897486884102,80.64125338525756,0.63,0.49,0.36,"{""pH"": 5.39, ""EC"": 1.11, ""Organic_Carbon"": 0.86, ""Nitrogen"": 224.0, ""Phosphorus"": 25.0, ""Potassium"": 284.0, ""Zinc"": 2.78, ""Iron"": 4.96, ""Copper"": 0.72, ""Boron"": 0.29, ""Soil_Type"": ""Sandy Loam"", ""Irrigation_Type"": ""Sprinkler"", ""Crop_Season"": ""Zaid"", ""Survey_Number"": ""AP-007951""}",NULL,NULL
"AND-GUN-008176","Murali Varma","TENALI","Guntur","Tenali","Red Gram (Pigeon Pea)",4.68,65.6,"Medium",93.5,16.232851098443582,80.64239318140736,0.32,0.28,0.43,"{""pH"": 5.37, ""EC"": 1.8, ""Organic_Carbon"": 0.33, ""Nitrogen"": 213.0, ""Phosphorus"": 12.0, ""Potassium"": 192.0, ""Zinc"": 3.29, ""Iron"": 9.93, ""Copper"": 0.2, ""Boron"": 1.27, ""Soil_Type"": ""Sandy Loam"", ""Irrigation_Type"": ""Rainfed"", ""Crop_Season"": ""Zaid"", ""Survey_Number"": ""AP-008176""}",NULL,NULL
"AND-GUN-008193","Saraswathi Kambhampati","TENALI","Guntur","Tenali","Coconut",5.36,67.87,"Medium",91.5,16.241409477281458,80.64997376980415,0.32,0.57,0.34,"{""pH"": 5.9, ""EC"": 2.91, ""Organic_Carbon"": 0.64, ""Nitrogen"": 158.0, ""Phosphorus"": 15.0, ""Potassium"": 339.0, ""Zinc"": 0.54, ""Iron"": 10.42, ""Copper"": 1.81, ""Boron"": 0.36, ""Soil_Type"": ""Sandy"", ""Irrigation_Type"": ""Canal"", ""Crop_Season"": ""Kharif"", ""Survey_Number"": ""AP-008193""}",NULL,NULL
"AND-GUN-008582","Nageswara Rao Nandamuri","TENALI","Guntur","Tenali","Sunflower",11.64,88.8,"Low",87.8,16.26187001474761,80.64314544421248,0.41,0.3,0.2,"{""pH"": 8.15, ""EC"": 1.43, ""Organic_Carbon"": 0.6, ""Nitrogen"": 223.0, ""Phosphorus"": 78.0, ""Potassium"": 93.0, ""Zinc"": 1.29, ""Iron"": 6.06, ""Copper"": 1.29, ""Boron"": 0.93, ""Soil_Type"": ""Loamy"", ""Irrigation_Type"": ""Canal"", ""Crop_Season"": ""Zaid"", ""Survey_Number"": ""AP-008582""}",NULL,NULL
"AND-GUN-008692","Gopi Dasari","TENALI","Guntur","Tenali","Tobacco",10.05,83.5,"Low",88.6,16.243780186621613,80.63942653779759,0.5,0.44,0.27,"{""pH"": 5.42, ""EC"": 2.64, ""Organic_Carbon"": 0.99, ""Nitrogen"": 277.0, ""Phosphorus"": 15.0, ""Potassium"": 382.0, ""Zinc"": 0.45, ""Iron"": 13.84, ""Copper"": 0.63, ""Boron"": 2.44, ""Soil_Type"": ""Loamy"", ""Irrigation_Type"": ""Sprinkler"", ""Crop_Season"": ""Zaid"", ""Survey_Number"": ""AP-008692""}",NULL,NULL
"AND-GUN-008928","Kiran Chowdary","TENALI","Guntur","Tenali","Sunflower",2.88,59.6,"High",98.7,16.241597087456427,80.64880976580167,0.35,0.33,0.28,"{""pH"": 6.8, ""EC"": 0.49, ""Organic_Carbon"": 1.29, ""Nitrogen"": 304.0, ""Phosphorus"": 6.0, ""Potassium"": 119.0, ""Zinc"": 1.15, ""Iron"": 6.0, ""Copper"": 1.83, ""Boron"": 1.59, ""Soil_Type"": ""Clay"", ""Irrigation_Type"": ""Borewell"", ""Crop_Season"": ""Rabi"", ""Survey_Number"": ""AP-008928""}",NULL,NULL
"AND-GUN-008950","Gopi Allu","TENALI","Guntur","Tenali","Horse Gram",8.87,79.57,"Medium",88.2,16.23857365608809,80.66164268042337,0.6,0.47,0.45,"{""pH"": 8.5, ""EC"": 1.91, ""Organic_Carbon"": 1.06, ""Nitrogen"": 203.0, ""Phosphorus"": 64.0, ""Potassium"": 287.0, ""Zinc"": 0.45, ""Iron"": 11.5, ""Copper"": 1.34, ""Boron"": 1.87, ""Soil_Type"": ""Clay"", ""Irrigation_Type"": ""Canal"", ""Crop_Season"": ""Rabi"", ""Survey_Number"": ""AP-008950""}",NULL,NULL
"AND-GUN-008982","Gopi Goud","TENALI","Guntur","Tenali","Tomato",9.91,83.03,"Low",93.5,16.249175280685908,80.65897576593471,0.79,0.56,0.46,"{""pH"": 6.37, ""EC"": 0.67, ""Organic_Carbon"": 1.28, ""Nitrogen"": 262.0, ""Phosphorus"": 39.0, ""Potassium"": 591.0, ""Zinc"": 1.36, ""Iron"": 10.61, ""Copper"": 1.47, ""Boron"": 1.8, ""Soil_Type"": ""Clay"", ""Irrigation_Type"": ""Drip"", ""Crop_Season"": ""Kharif"", ""Survey_Number"": ""AP-008982""}",NULL,NULL
"AND-GUN-009120","Murali Nimmagadda","TENALI","Guntur","Tenali","Sunflower",13.0,93.33,"Low",95.5,16.226961577829023,80.66046585794982,0.75,0.27,0.27,"{""pH"": 8.73, ""EC"": 2.99, ""Organic_Carbon"": 0.66, ""Nitrogen"": 335.0, ""Phosphorus"": 66.0, ""Potassium"": 191.0, ""Zinc"": 1.33, ""Iron"": 4.98, ""Copper"": 1.49, ""Boron"": 0.52, ""Soil_Type"": ""Sandy Loam"", ""Irrigation_Type"": ""Borewell"", ""Crop_Season"": ""Rabi"", ""Survey_Number"": ""AP-009120""}",NULL,NULL
"AND-GUN-009142","Krishna Ghattamaneni","TENALI","Guntur","Tenali","Tobacco",3.38,61.27,"Medium",99.0,16.25487134145972,80.65461981697435,0.49,0.23,0.39,"{""pH"": 8.34, ""EC"": 1.54, ""Organic_Carbon"": 0.68, ""Nitrogen"": 312.0, ""Phosphorus"": 28.0, ""Potassium"": 190.0, ""Zinc"": 2.91, ""Iron"": 7.54, ""Copper"": 0.92, ""Boron"": 2.49, ""Soil_Type"": ""Clay Loam"", ""Irrigation_Type"": ""Borewell"", ""Crop_Season"": ""Rabi"", ""Survey_Number"": ""AP-009142""}",NULL,NULL
"AND-GUN-009549","Narasimha Pothineni","TENALI","Guntur","Tenali","Bengal Gram (Chickpea)",7.32,74.4,"Medium",86.3,16.23112290278511,80.62939016816256,0.33,0.41,0.27,"{""pH"": 8.07, ""EC"": 2.0, ""Organic_Carbon"": 0.55, ""Nitrogen"": 347.0, ""Phosphorus"": 47.0, ""Potassium"": 584.0, ""Zinc"": 3.48, ""Iron"": 7.38, ""Copper"": 1.54, ""Boron"": 1.17, ""Soil_Type"": ""Clay"", ""Irrigation_Type"": ""Rainfed"", ""Crop_Season"": ""Rabi"", ""Survey_Number"": ""AP-009549""}",NULL,NULL
"AND-GUN-009572","Gopi Daggubati","TENALI","Guntur","Tenali","Horse Gram",1.98,56.6,"High",96.6,16.235159652429232,80.65788636771399,0.44,0.34,0.21,"{""pH"": 5.61, ""EC"": 1.5, ""Organic_Carbon"": 0.8, ""Nitrogen"": 222.0, ""Phosphorus"": 32.0, ""Potassium"": 568.0, ""Zinc"": 2.07, ""Iron"": 3.9, ""Copper"": 1.62, ""Boron"": 2.37, ""Soil_Type"": ""Clay"", ""Irrigation_Type"": ""Sprinkler"", ""Crop_Season"": ""Kharif"", ""Survey_Number"": ""AP-009572""}",NULL,NULL
"AND-GUN-000877","Sai Vemula","DAVULURU","Guntur","Kollipara","Ragi (Finger Millet)",10.88,86.27,"Low",94.5,16.241835207164392,80.715773584261,0.32,0.43,0.43,"{""pH"": 6.44, ""EC"": 2.85, ""Organic_Carbon"": 0.36, ""Nitrogen"": 302.0, ""Phosphorus"": 32.0, ""Potassium"": 296.0, ""Zinc"": 3.47, ""Iron"": 9.42, ""Copper"": 0.44, ""Boron"": 0.48, ""Soil_Type"": ""Clay Loam"", ""Irrigation_Type"": ""Canal"", ""Crop_Season"": ""Zaid"", ""Survey_Number"": ""AP-000877""}",NULL,NULL
"AND-GUN-005384","Ramesh Mekapati","DAVULURU","Guntur","Kollipara","Maize",0.63,52.1,"High",98.7,16.236267734080382,80.71863621754825,0.66,0.51,0.34,"{""pH"": 7.6, ""EC"": 1.84, ""Organic_Carbon"": 0.51, ""Nitrogen"": 216.0, ""Phosphorus"": 71.0, ""Potassium"": 496.0, ""Zinc"": 2.62, ""Iron"": 13.95, ""Copper"": 1.8, ""Boron"": 1.64, ""Soil_Type"": ""Sandy"", ""Irrigation_Type"": ""Borewell"", ""Crop_Season"": ""Zaid"", ""Survey_Number"": ""AP-005384""}",NULL,NULL
"AND-GUN-006979","Venkatesh Rao","DAVULURU","Guntur","Kollipara","Sunflower",11.68,88.93,"Low",88.5,16.252977022007183,80.70935333246763,0.34,0.55,0.47,"{""pH"": 6.11, ""EC"": 1.07, ""Organic_Carbon"": 1.07, ""Nitrogen"": 159.0, ""Phosphorus"": 74.0, ""Potassium"": 522.0, ""Zinc"": 1.27, ""Iron"": 8.8, ""Copper"": 0.26, ""Boron"": 1.88, ""Soil_Type"": ""Sandy Loam"", ""Irrigation_Type"": ""Canal"", ""Crop_Season"": ""Kharif"", ""Survey_Number"": ""AP-006979""}",NULL,NULL
"AND-GUN-007065","Parvathi Goud","DAVULURU","Guntur","Kollipara","Ragi (Finger Millet)",2.4,58.0,"High",85.6,16.25062366035876,80.74776691603753,0.47,0.29,0.49,"{""pH"": 8.14, ""EC"": 1.41, ""Organic_Carbon"": 1.43, ""Nitrogen"": 214.0, ""Phosphorus"": 58.0, ""Potassium"": 231.0, ""Zinc"": 2.93, ""Iron"": 3.77, ""Copper"": 1.82, ""Boron"": 1.36, ""Soil_Type"": ""Silty Loam"", ""Irrigation_Type"": ""Canal"", ""Crop_Season"": ""Zaid"", ""Survey_Number"": ""AP-007065""}",NULL,NULL
"AND-GUN-002017","Krishna Bandi","VEJENDLA","Guntur","Chebrolu","Banana",5.54,68.47,"Medium",89.3,16.267423608189546,80.5079377667842,0.46,0.47,0.36,"{""pH"": 6.33, ""EC"": 1.03, ""Organic_Carbon"": 0.64, ""Nitrogen"": 121.0, ""Phosphorus"": 71.0, ""Potassium"": 301.0, ""Zinc"": 1.85, ""Iron"": 5.68, ""Copper"": 1.46, ""Boron"": 1.07, ""Soil_Type"": ""Sandy"", ""Irrigation_Type"": ""Sprinkler"", ""Crop_Season"": ""Kharif"", ""Survey_Number"": ""AP-002017""}",NULL,NULL
"AND-GUN-002566","Mahesh Akkineni","VEJENDLA","Guntur","Chebrolu","Green Gram (Moong)",4.78,65.93,"Medium",92.4,16.255776280956674,80.49634939784626,0.59,0.25,0.49,"{""pH"": 5.4, ""EC"": 0.48, ""Organic_Carbon"": 0.82, ""Nitrogen"": 198.0, ""Phosphorus"": 40.0, ""Potassium"": 167.0, ""Zinc"": 2.65, ""Iron"": 8.72, ""Copper"": 0.2, ""Boron"": 2.45, ""Soil_Type"": ""Sandy"", ""Irrigation_Type"": ""Borewell"", ""Crop_Season"": ""Kharif"", ""Survey_Number"": ""AP-002566""}",NULL,NULL
"AND-GUN-001014","Prakash Dasari","NELAPADU","Guntur","Pedakakani","Sesame (Til)",1.07,53.57,"High",97.9,16.25658294522684,80.69427613248506,0.72,0.51,0.36,"{""pH"": 8.69, ""EC"": 1.08, ""Organic_Carbon"": 0.74, ""Nitrogen"": 135.0, ""Phosphorus"": 68.0, ""Potassium"": 490.0, ""Zinc"": 2.0, ""Iron"": 8.82, ""Copper"": 1.32, ""Boron"": 1.05, ""Soil_Type"": ""Sandy Loam"", ""Irrigation_Type"": ""Drip"", ""Crop_Season"": ""Kharif"", ""Survey_Number"": ""AP-001014""}",NULL,NULL
"AND-GUN-004406","Prakash Akkineni","NELAPADU","Guntur","Pedakakani","Sweet Orange",10.42,84.73,"Low",92.3,16.25142404834176,80.68483226010491,0.71,0.3,0.41,"{""pH"": 8.56, ""EC"": 1.9, ""Organic_Carbon"": 0.21, ""Nitrogen"": 445.0, ""Phosphorus"": 80.0, ""Potassium"": 574.0, ""Zinc"": 2.87, ""Iron"": 3.07, ""Copper"": 1.55, ""Boron"": 0.42, ""Soil_Type"": ""Loamy"", ""Irrigation_Type"": ""Borewell"", ""Crop_Season"": ""Zaid"", ""Survey_Number"": ""AP-004406""}",NULL,NULL
"AND-GUN-007622","Prasad Nimmagadda","NELAPADU","Guntur","Thullur","Sweet Orange",8.71,79.03,"Medium",89.4,16.250314495897896,80.6861594279387,0.69,0.57,0.27,"{""pH"": 6.93, ""EC"": 1.41, ""Organic_Carbon"": 0.24, ""Nitrogen"": 231.0, ""Phosphorus"": 51.0, ""Potassium"": 393.0, ""Zinc"": 1.61, ""Iron"": 12.6, ""Copper"": 1.04, ""Boron"": 0.69, ""Soil_Type"": ""Clay"", ""Irrigation_Type"": ""Rainfed"", ""Crop_Season"": ""Rabi"", ""Survey_Number"": ""AP-007622""}",NULL,NULL
"AND-GUN-009101","Saraswathi Daggubati","NELAPADU","Guntur","Thullur","Onion",8.86,79.53,"Medium",88.5,16.27089733537331,80.69428474595053,0.63,0.52,0.41,"{""pH"": 5.76, ""EC"": 2.05, ""Organic_Carbon"": 1.29, ""Nitrogen"": 351.0, ""Phosphorus"": 13.0, ""Potassium"": 388.0, ""Zinc"": 0.69, ""Iron"": 9.05, ""Copper"": 1.58, ""Boron"": 2.3, ""Soil_Type"": ""Clay"", ""Irrigation_Type"": ""Borewell"", ""Crop_Season"": ""Zaid"", ""Survey_Number"": ""AP-009101""}",NULL,NULL
"AND-GUN-003718","Srinivas Dasari","SUDDAPALLE","Guntur","Chebrolu","Black Gram (Urad)",1.64,55.47,"High",89.6,16.269911077230365,80.55370508317421,0.36,0.51,0.31,"{""pH"": 5.77, ""EC"": 1.27, ""Organic_Carbon"": 1.13, ""Nitrogen"": 259.0, ""Phosphorus"": 80.0, ""Potassium"": 505.0, ""Zinc"": 2.99, ""Iron"": 14.5, ""Copper"": 0.94, ""Boron"": 1.17, ""Soil_Type"": ""Clay"", ""Irrigation_Type"": ""Canal"", ""Crop_Season"": ""Zaid"", ""Survey_Number"": ""AP-003718""}",NULL,NULL
"AND-GUN-005715","Prakash Golla","SUDDAPALLE","Guntur","Chebrolu","Jowar (Sorghum)",10.31,84.37,"Low",98.7,16.253568874119416,80.5387996066518,0.77,0.47,0.41,"{""pH"": 5.45, ""EC"": 1.51, ""Organic_Carbon"": 1.16, ""Nitrogen"": 397.0, ""Phosphorus"": 42.0, ""Potassium"": 478.0, ""Zinc"": 1.44, ""Iron"": 7.07, ""Copper"": 1.95, ""Boron"": 0.72, ""Soil_Type"": ""Sandy Loam"", ""Irrigation_Type"": ""Sprinkler"", ""Crop_Season"": ""Rabi"", ""Survey_Number"": ""AP-005715""}",NULL,NULL
"AND-GUN-009184","Sai Akkineni","SUDDAPALLE","Guntur","Chebrolu","Jowar (Sorghum)",10.3,84.33,"Low",91.2,16.247020878025342,80.54182357987186,0.63,0.28,0.27,"{""pH"": 5.24, ""EC"": 0.22, ""Organic_Carbon"": 0.35, ""Nitrogen"": 351.0, ""Phosphorus"": 20.0, ""Potassium"": 112.0, ""Zinc"": 3.19, ""Iron"": 13.31, ""Copper"": 0.17, ""Boron"": 2.1, ""Soil_Type"": ""Clay Loam"", ""Irrigation_Type"": ""Drip"", ""Crop_Season"": ""Zaid"", ""Survey_Number"": ""AP-009184""}",NULL,NULL
"AND-GUN-003040","Prakash Kambhampati","HOUSE GANESH","Guntur","Phirangipuram","Tomato",8.02,76.73,"Medium",90.7,16.27615449483295,80.2827460857596,0.67,0.49,0.47,"{""pH"": 5.16, ""EC"": 0.9, ""Organic_Carbon"": 0.81, ""Nitrogen"": 132.0, ""Phosphorus"": 76.0, ""Potassium"": 111.0, ""Zinc"": 3.48, ""Iron"": 2.42, ""Copper"": 0.68, ""Boron"": 0.23, ""Soil_Type"": ""Sandy"", ""Irrigation_Type"": ""Sprinkler"", ""Crop_Season"": ""Zaid"", ""Survey_Number"": ""AP-003040""}",NULL,NULL
"AND-GUN-004285","Srinivas Pothineni","HOUSE GANESH","Guntur","Phirangipuram","Banana",8.51,78.37,"Medium",87.3,16.264288656722883,80.29246514615939,0.41,0.55,0.48,"{""pH"": 5.4, ""EC"": 2.09, ""Organic_Carbon"": 0.21, ""Nitrogen"": 410.0, ""Phosphorus"": 16.0, ""Potassium"": 151.0, ""Zinc"": 0.58, ""Iron"": 5.9, ""Copper"": 1.03, ""Boron"": 1.0, ""Soil_Type"": ""Silty Loam"", ""Irrigation_Type"": ""Canal"", ""Crop_Season"": ""Kharif"", ""Survey_Number"": ""AP-004285""}",NULL,NULL
"AND-GUN-006661","Sai Golla","HOUSE GANESH","Guntur","Phirangipuram","Tobacco",8.8,79.33,"Medium",94.2,16.274835428742247,80.28087563353218,0.56,0.56,0.3,"{""pH"": 6.21, ""EC"": 1.4, ""Organic_Carbon"": 0.53, ""Nitrogen"": 250.0, ""Phosphorus"": 52.0, ""Potassium"": 245.0, ""Zinc"": 1.36, ""Iron"": 10.39, ""Copper"": 1.78, ""Boron"": 0.51, ""Soil_Type"": ""Sandy Loam"", ""Irrigation_Type"": ""Canal"", ""Crop_Season"": ""Zaid"", ""Survey_Number"": ""AP-006661""}",NULL,NULL
"AND-GUN-008960","Sai Akkineni","ANUMARLAPUDI","Guntur","Pedakakani","Tomato",12.87,92.9,"Low",85.7,16.274723062693717,80.5919726186601,0.46,0.43,0.49,"{""pH"": 7.27, ""EC"": 0.86, ""Organic_Carbon"": 0.43, ""Nitrogen"": 391.0, ""Phosphorus"": 20.0, ""Potassium"": 516.0, ""Zinc"": 1.76, ""Iron"": 10.58, ""Copper"": 0.36, ""Boron"": 0.84, ""Soil_Type"": ""Silty Loam"", ""Irrigation_Type"": ""Canal"", ""Crop_Season"": ""Kharif"", ""Survey_Number"": ""AP-008960""}",NULL,NULL
"AND-GUN-004906","Ramakrishna Nimmagadda","GUDIVADA","Guntur","Pedakakani","Red Gram (Pigeon Pea)",2.84,59.47,"High",96.3,16.28796936123552,80.61821134672488,0.72,0.38,0.22,"{""pH"": 8.44, ""EC"": 0.9, ""Organic_Carbon"": 1.29, ""Nitrogen"": 139.0, ""Phosphorus"": 21.0, ""Potassium"": 294.0, ""Zinc"": 1.97, ""Iron"": 11.05, ""Copper"": 1.85, ""Boron"": 0.75, ""Soil_Type"": ""Clay"", ""Irrigation_Type"": ""Rainfed"", ""Crop_Season"": ""Kharif"", ""Survey_Number"": ""AP-004906""}",NULL,NULL
"AND-GUN-002889","Lakshmi Nandamuri","REPUDI","Guntur","Phirangipuram","Red Gram (Pigeon Pea)",12.26,90.87,"Low",98.0,16.258348358933407,80.2253010056147,0.76,0.45,0.3,"{""pH"": 6.1, ""EC"": 0.46, ""Organic_Carbon"": 1.06, ""Nitrogen"": 340.0, ""Phosphorus"": 18.0, ""Potassium"": 217.0, ""Zinc"": 0.82, ""Iron"": 5.05, ""Copper"": 1.88, ""Boron"": 2.28, ""Soil_Type"": ""Sandy Loam"", ""Irrigation_Type"": ""Drip"", ""Crop_Season"": ""Rabi"", ""Survey_Number"": ""AP-002889""}",NULL,NULL
"AND-GUN-002001","Murali Allu","NANDIVELUGU","Guntur","Pedakakani","Green Gram (Moong)",4.29,64.3,"Medium",94.8,16.28474256434938,80.64257292386056,0.66,0.59,0.26,"{""pH"": 6.42, ""EC"": 2.66, ""Organic_Carbon"": 0.72, ""Nitrogen"": 348.0, ""Phosphorus"": 18.0, ""Potassium"": 434.0, ""Zinc"": 1.28, ""Iron"": 5.54, ""Copper"": 1.77, ""Boron"": 0.93, ""Soil_Type"": ""Sandy"", ""Irrigation_Type"": ""Canal"", ""Crop_Season"": ""Rabi"", ""Survey_Number"": ""AP-002001""}",NULL,NULL
"AND-GUN-004760","Krishna Goud","NANDIVELUGU","Guntur","Pedakakani","Bajra (Pearl Millet)",14.84,99.47,"Low",98.0,16.290741704748687,80.64663420945598,0.55,0.21,0.27,"{""pH"": 5.96, ""EC"": 1.58, ""Organic_Carbon"": 0.85, ""Nitrogen"": 217.0, ""Phosphorus"": 8.0, ""Potassium"": 230.0, ""Zinc"": 2.53, ""Iron"": 8.51, ""Copper"": 2.0, ""Boron"": 2.49, ""Soil_Type"": ""Silty Loam"", ""Irrigation_Type"": ""Borewell"", ""Crop_Season"": ""Zaid"", ""Survey_Number"": ""AP-004760""}",NULL,NULL
"AND-GUN-006008","Appa Rao Chowdary","NANDIVELUGU","Guntur","Pedakakani","Horse Gram",1.56,55.2,"High",98.1,16.29062647638899,80.65924238401205,0.7,0.26,0.32,"{""pH"": 8.14, ""EC"": 0.5, ""Organic_Carbon"": 0.26, ""Nitrogen"": 134.0, ""Phosphorus"": 29.0, ""Potassium"": 272.0, ""Zinc"": 2.36, ""Iron"": 4.66, ""Copper"": 1.9, ""Boron"": 0.46, ""Soil_Type"": ""Clay"", ""Irrigation_Type"": ""Rainfed"", ""Crop_Season"": ""Kharif"", ""Survey_Number"": ""AP-006008""}",NULL,NULL
"AND-GUN-008608","Rambabu Naidu","NANDIVELUGU","Guntur","Pedakakani","Paddy (Rice)",4.12,63.73,"Medium",93.9,16.28917858160292,80.63760642206047,0.58,0.53,0.33,"{""pH"": 7.33, ""EC"": 0.38, ""Organic_Carbon"": 0.49, ""Nitrogen"": 148.0, ""Phosphorus"": 73.0, ""Potassium"": 555.0, ""Zinc"": 1.31, ""Iron"": 6.29, ""Copper"": 0.12, ""Boron"": 0.48, ""Soil_Type"": ""Sandy"", ""Irrigation_Type"": ""Rainfed"", ""Crop_Season"": ""Zaid"", ""Survey_Number"": ""AP-008608""}",NULL,NULL
"AND-GUN-008858","Ramu Kaza","DEVARAPALLI","Guntur","Pedakakani","Green Gram (Moong)",1.44,54.8,"High",98.6,16.294818092598,80.62512726725967,0.52,0.36,0.42,"{""pH"": 6.19, ""EC"": 0.88, ""Organic_Carbon"": 0.47, ""Nitrogen"": 386.0, ""Phosphorus"": 49.0, ""Potassium"": 392.0, ""Zinc"": 2.42, ""Iron"": 11.07, ""Copper"": 1.17, ""Boron"": 0.69, ""Soil_Type"": ""Silty Loam"", ""Irrigation_Type"": ""Sprinkler"", ""Crop_Season"": ""Rabi"", ""Survey_Number"": ""AP-008858""}",NULL,NULL
"AND-GUN-001021","Venkata Goud","POTTURU","Guntur","Guntur","Black Gram (Urad)",10.61,85.37,"Low",86.8,16.252217106355864,80.35001973407935,0.41,0.43,0.24,"{""pH"": 6.94, ""EC"": 1.0, ""Organic_Carbon"": 0.48, ""Nitrogen"": 192.0, ""Phosphorus"": 47.0, ""Potassium"": 291.0, ""Zinc"": 1.85, ""Iron"": 11.36, ""Copper"": 1.47, ""Boron"": 1.2, ""Soil_Type"": ""Sandy Loam"", ""Irrigation_Type"": ""Borewell"", ""Crop_Season"": ""Kharif"", ""Survey_Number"": ""AP-001021""}",NULL,NULL
"AND-GUN-001252","Venkata Varma","POTTURU","Guntur","Guntur","Banana",7.48,74.93,"Medium",92.3,16.254019933368745,80.35781053748153,0.32,0.28,0.44,"{""pH"": 5.26, ""EC"": 2.17, ""Organic_Carbon"": 1.18, ""Nitrogen"": 423.0, ""Phosphorus"": 39.0, ""Potassium"": 83.0, ""Zinc"": 1.24, ""Iron"": 10.68, ""Copper"": 1.44, ""Boron"": 0.86, ""Soil_Type"": ""Clay"", ""Irrigation_Type"": ""Rainfed"", ""Crop_Season"": ""Kharif"", ""Survey_Number"": ""AP-001252""}",NULL,NULL
"AND-GUN-006628","Kiran Nandamuri","POTTURU","Guntur","Guntur","Horse Gram",10.55,85.17,"Low",90.9,16.253299777081285,80.35946568307445,0.34,0.42,0.49,"{""pH"": 7.1, ""EC"": 2.51, ""Organic_Carbon"": 1.25, ""Nitrogen"": 369.0, ""Phosphorus"": 17.0, ""Potassium"": 131.0, ""Zinc"": 3.38, ""Iron"": 12.26, ""Copper"": 0.35, ""Boron"": 2.35, ""Soil_Type"": ""Silty Loam"", ""Irrigation_Type"": ""Borewell"", ""Crop_Season"": ""Zaid"", ""Survey_Number"": ""AP-006628""}",NULL,NULL
"AND-GUN-004990","Mahesh Yarlagadda","Nudurupadu","Guntur","Phirangipuram","Tobacco",11.66,88.87,"Low",94.4,16.266481024492602,80.1998052566436,0.62,0.51,0.4,"{""pH"": 8.02, ""EC"": 2.84, ""Organic_Carbon"": 1.22, ""Nitrogen"": 153.0, ""Phosphorus"": 48.0, ""Potassium"": 215.0, ""Zinc"": 0.54, ""Iron"": 11.03, ""Copper"": 1.73, ""Boron"": 2.31, ""Soil_Type"": ""Sandy Loam"", ""Irrigation_Type"": ""Sprinkler"", ""Crop_Season"": ""Rabi"", ""Survey_Number"": ""AP-004990""}",NULL,NULL
"AND-GUN-005696","Suresh Naidu","Nudurupadu","Guntur","Phirangipuram","Banana",4.99,66.63,"Medium",85.3,16.281604236375493,80.20652791391285,0.67,0.45,0.46,"{""pH"": 5.5, ""EC"": 0.66, ""Organic_Carbon"": 0.56, ""Nitrogen"": 238.0, ""Phosphorus"": 35.0, ""Potassium"": 101.0, ""Zinc"": 2.49, ""Iron"": 8.17, ""Copper"": 0.69, ""Boron"": 1.26, ""Soil_Type"": ""Sandy"", ""Irrigation_Type"": ""Borewell"", ""Crop_Season"": ""Zaid"", ""Survey_Number"": ""AP-005696""}",NULL,NULL
"AND-GUN-009049","Saraswathi Daggubati","Nudurupadu","Guntur","Phirangipuram","Black Gram (Urad)",14.32,97.73,"Low",94.6,16.282599756537333,80.20826627249393,0.65,0.54,0.42,"{""pH"": 5.56, ""EC"": 0.68, ""Organic_Carbon"": 0.97, ""Nitrogen"": 268.0, ""Phosphorus"": 67.0, ""Potassium"": 301.0, ""Zinc"": 0.84, ""Iron"": 4.44, ""Copper"": 0.24, ""Boron"": 0.95, ""Soil_Type"": ""Silty Loam"", ""Irrigation_Type"": ""Borewell"", ""Crop_Season"": ""Zaid"", ""Survey_Number"": ""AP-009049""}",NULL,NULL
"AND-GUN-001883","Suresh Kodali","ANKIREDDYPALEM","Guntur","Guntur","Jowar (Sorghum)",9.73,82.43,"Low",92.5,16.262755573994173,80.40613516041331,0.3,0.41,0.37,"{""pH"": 6.81, ""EC"": 2.72, ""Organic_Carbon"": 0.6, ""Nitrogen"": 283.0, ""Phosphorus"": 45.0, ""Potassium"": 305.0, ""Zinc"": 2.47, ""Iron"": 11.08, ""Copper"": 1.86, ""Boron"": 1.1, ""Soil_Type"": ""Clay Loam"", ""Irrigation_Type"": ""Canal"", ""Crop_Season"": ""Rabi"", ""Survey_Number"": ""AP-001883""}",NULL,NULL
"AND-GUN-006857","Narasimha Varma","ANKIREDDYPALEM","Guntur","Guntur","Black Gram (Urad)",9.61,82.03,"Low",87.9,16.272592292988385,80.40934040889339,0.6,0.23,0.47,"{""pH"": 6.49, ""EC"": 2.83, ""Organic_Carbon"": 0.61, ""Nitrogen"": 307.0, ""Phosphorus"": 75.0, ""Potassium"": 404.0, ""Zinc"": 2.53, ""Iron"": 10.65, ""Copper"": 1.39, ""Boron"": 1.4, ""Soil_Type"": ""Silty Loam"", ""Irrigation_Type"": ""Borewell"", ""Crop_Season"": ""Zaid"", ""Survey_Number"": ""AP-006857""}",NULL,NULL
"AND-GUN-009460","Kiran Yarlagadda","ANKIREDDYPALEM","Guntur","Guntur","Red Gram (Pigeon Pea)",5.45,68.17,"Medium",96.3,16.279237077672487,80.40547211507257,0.56,0.45,0.49,"{""pH"": 8.23, ""EC"": 0.17, ""Organic_Carbon"": 1.08, ""Nitrogen"": 235.0, ""Phosphorus"": 72.0, ""Potassium"": 563.0, ""Zinc"": 3.31, ""Iron"": 7.66, ""Copper"": 1.06, ""Boron"": 0.87, ""Soil_Type"": ""Sandy"", ""Irrigation_Type"": ""Sprinkler"", ""Crop_Season"": ""Kharif"", ""Survey_Number"": ""AP-009460""}",NULL,NULL
"AND-GUN-001948","Ramu Allu","KUNCHAVARAM","Guntur","Kollipara","Turmeric",2.64,58.8,"High",87.6,16.304766660601803,80.67005310066558,0.56,0.48,0.25,"{""pH"": 8.8, ""EC"": 1.34, ""Organic_Carbon"": 0.42, ""Nitrogen"": 292.0, ""Phosphorus"": 43.0, ""Potassium"": 153.0, ""Zinc"": 2.28, ""Iron"": 11.89, ""Copper"": 0.57, ""Boron"": 1.65, ""Soil_Type"": ""Loamy"", ""Irrigation_Type"": ""Sprinkler"", ""Crop_Season"": ""Rabi"", ""Survey_Number"": ""AP-001948""}",NULL,NULL
"AND-GUN-002880","Nageswara Rao Nandamuri","KUNCHAVARAM","Guntur","Kollipara","Sugarcane",3.2,60.67,"Medium",88.5,16.29894462999319,80.67113400510648,0.47,0.22,0.34,"{""pH"": 6.05, ""EC"": 1.76, ""Organic_Carbon"": 1.47, ""Nitrogen"": 201.0, ""Phosphorus"": 66.0, ""Potassium"": 231.0, ""Zinc"": 0.72, ""Iron"": 13.25, ""Copper"": 1.42, ""Boron"": 2.31, ""Soil_Type"": ""Loamy"", ""Irrigation_Type"": ""Sprinkler"", ""Crop_Season"": ""Rabi"", ""Survey_Number"": ""AP-002880""}",NULL,NULL
"AND-GUN-004658","Mahesh Raju","KUNCHAVARAM","Guntur","Kollipara","Chilli",8.46,78.2,"Medium",90.6,16.30204503642211,80.67209696290071,0.78,0.51,0.34,"{""pH"": 6.72, ""EC"": 2.93, ""Organic_Carbon"": 1.46, ""Nitrogen"": 189.0, ""Phosphorus"": 41.0, ""Potassium"": 277.0, ""Zinc"": 2.43, ""Iron"": 10.57, ""Copper"": 0.21, ""Boron"": 0.39, ""Soil_Type"": ""Silty Loam"", ""Irrigation_Type"": ""Rainfed"", ""Crop_Season"": ""Kharif"", ""Survey_Number"": ""AP-004658""}",NULL,NULL
"AND-GUN-002597","Kiran Konidela","ATTATO","Guntur","Kollipara","Bajra (Pearl Millet)",4.44,64.8,"Medium",90.3,16.296321468331442,80.68794116245834,0.6,0.28,0.34,"{""pH"": 8.5, ""EC"": 2.42, ""Organic_Carbon"": 0.86, ""Nitrogen"": 442.0, ""Phosphorus"": 7.0, ""Potassium"": 490.0, ""Zinc"": 1.37, ""Iron"": 8.52, ""Copper"": 0.71, ""Boron"": 1.36, ""Soil_Type"": ""Clay Loam"", ""Irrigation_Type"": ""Sprinkler"", ""Crop_Season"": ""Zaid"", ""Survey_Number"": ""AP-002597""}",NULL,NULL
"AND-GUN-005611","Anand Nandamuri","ATTATO","Guntur","Kollipara","Turmeric",1.62,55.4,"High",92.0,16.293444125164434,80.6836753058935,0.57,0.52,0.37,"{""pH"": 6.54, ""EC"": 2.96, ""Organic_Carbon"": 0.82, ""Nitrogen"": 134.0, ""Phosphorus"": 10.0, ""Potassium"": 448.0, ""Zinc"": 3.42, ""Iron"": 12.58, ""Copper"": 0.43, ""Boron"": 1.74, ""Soil_Type"": ""Clay Loam"", ""Irrigation_Type"": ""Rainfed"", ""Crop_Season"": ""Zaid"", ""Survey_Number"": ""AP-005611""}",NULL,NULL
"AND-GUN-007855","Suresh Reddy","ATTATO","Guntur","Kollipara","Black Gram (Urad)",7.69,75.63,"Medium",87.4,16.299603267535524,80.69837360250807,0.78,0.23,0.23,"{""pH"": 5.82, ""EC"": 2.33, ""Organic_Carbon"": 1.25, ""Nitrogen"": 357.0, ""Phosphorus"": 30.0, ""Potassium"": 281.0, ""Zinc"": 3.49, ""Iron"": 10.94, ""Copper"": 1.37, ""Boron"": 1.94, ""Soil_Type"": ""Sandy Loam"", ""Irrigation_Type"": ""Canal"", ""Crop_Season"": ""Kharif"", ""Survey_Number"": ""AP-007855""}",NULL,NULL
"AND-GUN-004660","Bhavani Rao","PONUGUPADU","Guntur","Medikonduru","Groundnut",10.95,86.5,"Low",86.6,16.290645519071326,80.14161639198988,0.66,0.38,0.44,"{""pH"": 8.2, ""EC"": 0.42, ""Organic_Carbon"": 1.42, ""Nitrogen"": 106.0, ""Phosphorus"": 67.0, ""Potassium"": 220.0, ""Zinc"": 0.48, ""Iron"": 13.12, ""Copper"": 1.61, ""Boron"": 1.73, ""Soil_Type"": ""Clay"", ""Irrigation_Type"": ""Sprinkler"", ""Crop_Season"": ""Zaid"", ""Survey_Number"": ""AP-004660""}",NULL,NULL
"AND-GUN-008255","Anand Raju","PONUGUPADU","Guntur","Phirangipuram","Oil Palm",6.49,71.63,"Medium",94.2,16.296202426826365,80.13832449234474,0.75,0.58,0.38,"{""pH"": 7.29, ""EC"": 2.88, ""Organic_Carbon"": 0.48, ""Nitrogen"": 380.0, ""Phosphorus"": 29.0, ""Potassium"": 346.0, ""Zinc"": 3.01, ""Iron"": 4.59, ""Copper"": 1.01, ""Boron"": 2.46, ""Soil_Type"": ""Silty Loam"", ""Irrigation_Type"": ""Rainfed"", ""Crop_Season"": ""Kharif"", ""Survey_Number"": ""AP-008255""}",NULL,NULL
"AND-GUN-003784","Siva Kothapalli","GUNDALAPADU","Guntur","Phirangipuram","Sesame (Til)",12.48,91.6,"Low",98.0,16.30811449588501,80.15907175474008,0.55,0.48,0.31,"{""pH"": 8.72, ""EC"": 0.82, ""Organic_Carbon"": 0.89, ""Nitrogen"": 106.0, ""Phosphorus"": 31.0, ""Potassium"": 396.0, ""Zinc"": 1.47, ""Iron"": 12.4, ""Copper"": 1.5, ""Boron"": 0.53, ""Soil_Type"": ""Clay Loam"", ""Irrigation_Type"": ""Rainfed"", ""Crop_Season"": ""Rabi"", ""Survey_Number"": ""AP-003784""}",NULL,NULL
"AND-GUN-007488","Appa Rao Pothineni","GUNDALAPADU","Guntur","Phirangipuram","Tobacco",14.44,98.13,"Low",90.5,16.299182363316714,80.16171838776502,0.36,0.31,0.2,"{""pH"": 8.23, ""EC"": 2.05, ""Organic_Carbon"": 0.92, ""Nitrogen"": 371.0, ""Phosphorus"": 15.0, ""Potassium"": 128.0, ""Zinc"": 2.46, ""Iron"": 7.71, ""Copper"": 1.19, ""Boron"": 0.15, ""Soil_Type"": ""Loamy"", ""Irrigation_Type"": ""Rainfed"", ""Crop_Season"": ""Zaid"", ""Survey_Number"": ""AP-007488""}",NULL,NULL
"AND-GUN-001573","Nageswara Rao Rao","KOLLIPARA","Guntur","Kollipara","Maize",11.18,87.27,"Low",97.6,16.285248965283092,80.73607155557568,0.77,0.4,0.25,"{""pH"": 6.13, ""EC"": 2.34, ""Organic_Carbon"": 1.26, ""Nitrogen"": 130.0, ""Phosphorus"": 21.0, ""Potassium"": 520.0, ""Zinc"": 2.57, ""Iron"": 7.88, ""Copper"": 1.33, ""Boron"": 2.08, ""Soil_Type"": ""Sandy Loam"", ""Irrigation_Type"": ""Canal"", ""Crop_Season"": ""Zaid"", ""Survey_Number"": ""AP-001573""}",NULL,NULL
"AND-GUN-003697","Prakash Kaza","KOLLIPARA","Guntur","Kollipara","Coconut",14.44,98.13,"Low",98.6,16.296545306758567,80.73839739762506,0.74,0.24,0.24,"{""pH"": 5.82, ""EC"": 2.7, ""Organic_Carbon"": 1.07, ""Nitrogen"": 448.0, ""Phosphorus"": 79.0, ""Potassium"": 165.0, ""Zinc"": 3.21, ""Iron"": 13.88, ""Copper"": 1.59, ""Boron"": 0.77, ""Soil_Type"": ""Sandy Loam"", ""Irrigation_Type"": ""Canal"", ""Crop_Season"": ""Rabi"", ""Survey_Number"": ""AP-003697""}",NULL,NULL
"AND-GUN-000119","Venkata Varma","DANTALURU","Guntur","Kollipara","Sesame (Til)",13.44,94.8,"Low",88.4,16.308237534583096,80.7057064802237,0.37,0.59,0.47,"{""pH"": 6.38, ""EC"": 2.85, ""Organic_Carbon"": 0.24, ""Nitrogen"": 178.0, ""Phosphorus"": 62.0, ""Potassium"": 459.0, ""Zinc"": 1.43, ""Iron"": 11.92, ""Copper"": 1.19, ""Boron"": 1.37, ""Soil_Type"": ""Loamy"", ""Irrigation_Type"": ""Borewell"", ""Crop_Season"": ""Rabi"", ""Survey_Number"": ""AP-000119""}",NULL,NULL
"AND-GUN-004192","Bhavani Nimmagadda","DANTALURU","Guntur","Kollipara","Sugarcane",13.16,93.87,"Low",98.0,16.306905600238167,80.70464550002093,0.72,0.48,0.21,"{""pH"": 8.35, ""EC"": 1.4, ""Organic_Carbon"": 0.49, ""Nitrogen"": 190.0, ""Phosphorus"": 37.0, ""Potassium"": 131.0, ""Zinc"": 1.16, ""Iron"": 5.19, ""Copper"": 0.83, ""Boron"": 2.42, ""Soil_Type"": ""Sandy Loam"", ""Irrigation_Type"": ""Sprinkler"", ""Crop_Season"": ""Kharif"", ""Survey_Number"": ""AP-004192""}",NULL,NULL
"AND-GUN-007680","Ramesh Kaza","DANTALURU","Guntur","Kollipara","Sunflower",1.27,54.23,"High",97.8,16.309098702940762,80.70389614176814,0.51,0.26,0.3,"{""pH"": 8.11, ""EC"": 0.42, ""Organic_Carbon"": 0.74, ""Nitrogen"": 390.0, ""Phosphorus"": 49.0, ""Potassium"": 458.0, ""Zinc"": 1.25, ""Iron"": 7.13, ""Copper"": 1.18, ""Boron"": 0.14, ""Soil_Type"": ""Sandy Loam"", ""Irrigation_Type"": ""Sprinkler"", ""Crop_Season"": ""Rabi"", ""Survey_Number"": ""AP-007680""}",NULL,NULL
"AND-GUN-008844","Sai Chowdary","DANTALURU","Guntur","Kollipara","Oil Palm",13.21,94.03,"Low",85.8,16.301565823936787,80.70149020341516,0.74,0.25,0.29,"{""pH"": 8.33, ""EC"": 1.99, ""Organic_Carbon"": 0.25, ""Nitrogen"": 281.0, ""Phosphorus"": 13.0, ""Potassium"": 504.0, ""Zinc"": 2.67, ""Iron"": 13.87, ""Copper"": 1.7, ""Boron"": 2.41, ""Soil_Type"": ""Clay Loam"", ""Irrigation_Type"": ""Rainfed"", ""Crop_Season"": ""Kharif"", ""Survey_Number"": ""AP-008844""}",NULL,NULL
"AND-GUN-008988","Appa Rao Chowdary","DANTALURU","Guntur","Kollipara","Sweet Orange",14.17,97.23,"Low",89.6,16.300685232699717,80.70421747533358,0.7,0.57,0.26,"{""pH"": 8.53, ""EC"": 1.29, ""Organic_Carbon"": 0.9, ""Nitrogen"": 130.0, ""Phosphorus"": 23.0, ""Potassium"": 180.0, ""Zinc"": 2.24, ""Iron"": 3.46, ""Copper"": 1.43, ""Boron"": 1.11, ""Soil_Type"": ""Sandy Loam"", ""Irrigation_Type"": ""Drip"", ""Crop_Season"": ""Zaid"", ""Survey_Number"": ""AP-008988""}",NULL,NULL
"AND-GUN-000697","Venkata Kothapalli","KOLAKALARU","Guntur","Pedakakani","Ragi (Finger Millet)",4.69,65.63,"Medium",95.4,16.288939305556745,80.61834303147265,0.68,0.57,0.44,"{""pH"": 5.45, ""EC"": 2.12, ""Organic_Carbon"": 0.39, ""Nitrogen"": 113.0, ""Phosphorus"": 59.0, ""Potassium"": 460.0, ""Zinc"": 0.38, ""Iron"": 3.38, ""Copper"": 1.21, ""Boron"": 1.24, ""Soil_Type"": ""Sandy"", ""Irrigation_Type"": ""Drip"", ""Crop_Season"": ""Zaid"", ""Survey_Number"": ""AP-000697""}",NULL,NULL
"AND-GUN-005441","Venkatesh Vemula","KOLAKALARU","Guntur","Pedakakani","Tobacco",7.17,73.9,"Medium",96.3,16.2905775574498,80.61396710595018,0.54,0.29,0.33,"{""pH"": 7.74, ""EC"": 0.85, ""Organic_Carbon"": 0.47, ""Nitrogen"": 320.0, ""Phosphorus"": 47.0, ""Potassium"": 488.0, ""Zinc"": 0.32, ""Iron"": 3.79, ""Copper"": 1.0, ""Boron"": 0.85, ""Soil_Type"": ""Clay Loam"", ""Irrigation_Type"": ""Rainfed"", ""Crop_Season"": ""Zaid"", ""Survey_Number"": ""AP-005441""}",NULL,NULL
"AND-GUN-009105","Ramu Nandamuri","KOLAKALARU","Guntur","Pedakakani","Bajra (Pearl Millet)",2.46,58.2,"High",99.0,16.297127235819122,80.61202140614843,0.56,0.53,0.43,"{""pH"": 6.91, ""EC"": 1.96, ""Organic_Carbon"": 0.23, ""Nitrogen"": 199.0, ""Phosphorus"": 24.0, ""Potassium"": 397.0, ""Zinc"": 2.49, ""Iron"": 10.63, ""Copper"": 1.11, ""Boron"": 0.51, ""Soil_Type"": ""Clay"", ""Irrigation_Type"": ""Drip"", ""Crop_Season"": ""Zaid"", ""Survey_Number"": ""AP-009105""}",NULL,NULL
"AND-GUN-003601","Ramesh Kothapalli","DEVARAVADELAPALEM","Guntur","Pedakakani","Bajra (Pearl Millet)",2.55,58.5,"High",98.8,16.30800182598657,80.56492336674499,0.57,0.28,0.36,"{""pH"": 5.3, ""EC"": 2.69, ""Organic_Carbon"": 0.75, ""Nitrogen"": 207.0, ""Phosphorus"": 59.0, ""Potassium"": 106.0, ""Zinc"": 2.06, ""Iron"": 9.93, ""Copper"": 0.28, ""Boron"": 2.19, ""Soil_Type"": ""Loamy"", ""Irrigation_Type"": ""Sprinkler"", ""Crop_Season"": ""Kharif"", ""Survey_Number"": ""AP-003601""}",NULL,NULL
"AND-GUN-001235","Nageswara Rao Mekapati","Betapudi","Guntur","Phirangipuram","Tomato",9.95,83.17,"Low",86.6,16.305682454006643,80.17717374955964,0.58,0.57,0.23,"{""pH"": 7.77, ""EC"": 0.21, ""Organic_Carbon"": 0.94, ""Nitrogen"": 320.0, ""Phosphorus"": 53.0, ""Potassium"": 425.0, ""Zinc"": 0.89, ""Iron"": 2.17, ""Copper"": 0.44, ""Boron"": 1.66, ""Soil_Type"": ""Sandy"", ""Irrigation_Type"": ""Canal"", ""Crop_Season"": ""Kharif"", ""Survey_Number"": ""AP-001235""}",NULL,NULL
"AND-GUN-003650","Srinivas Reddy","NALLAPADU","Guntur","Guntur","Sesame (Til)",14.99,99.97,"Low",93.7,16.30436526952709,80.37726395107173,0.66,0.58,0.37,"{""pH"": 5.7, ""EC"": 0.37, ""Organic_Carbon"": 1.2, ""Nitrogen"": 427.0, ""Phosphorus"": 45.0, ""Potassium"": 366.0, ""Zinc"": 2.88, ""Iron"": 5.32, ""Copper"": 0.28, ""Boron"": 0.15, ""Soil_Type"": ""Silty Loam"", ""Irrigation_Type"": ""Borewell"", ""Crop_Season"": ""Zaid"", ""Survey_Number"": ""AP-003650""}",NULL,NULL
"AND-GUN-007134","Srinivas Golla","NALLAPADU","Guntur","Guntur","Sunflower",2.85,59.5,"High",98.8,16.318645436865804,80.37427752790047,0.65,0.57,0.49,"{""pH"": 5.47, ""EC"": 0.36, ""Organic_Carbon"": 0.73, ""Nitrogen"": 222.0, ""Phosphorus"": 37.0, ""Potassium"": 244.0, ""Zinc"": 0.91, ""Iron"": 14.75, ""Copper"": 0.31, ""Boron"": 1.48, ""Soil_Type"": ""Sandy Loam"", ""Irrigation_Type"": ""Rainfed"", ""Crop_Season"": ""Rabi"", ""Survey_Number"": ""AP-007134""}",NULL,NULL
"AND-GUN-008123","Kiran Kodali","NALLAPADU","Guntur","Guntur","Bajra (Pearl Millet)",2.21,57.37,"High",85.9,16.294231770171763,80.40539338275919,0.33,0.54,0.44,"{""pH"": 5.92, ""EC"": 0.24, ""Organic_Carbon"": 0.93, ""Nitrogen"": 121.0, ""Phosphorus"": 52.0, ""Potassium"": 184.0, ""Zinc"": 0.29, ""Iron"": 14.91, ""Copper"": 0.94, ""Boron"": 1.53, ""Soil_Type"": ""Clay"", ""Irrigation_Type"": ""Sprinkler"", ""Crop_Season"": ""Kharif"", ""Survey_Number"": ""AP-008123""}",NULL,NULL
"AND-GUN-006483","Prakash Naidu","PHIRANGIPURAM","Guntur","Phirangipuram","Sweet Orange",9.53,81.77,"Low",88.9,16.298483174599568,80.26473984206488,0.56,0.49,0.32,"{""pH"": 5.8, ""EC"": 0.21, ""Organic_Carbon"": 0.48, ""Nitrogen"": 385.0, ""Phosphorus"": 53.0, ""Potassium"": 186.0, ""Zinc"": 1.62, ""Iron"": 4.01, ""Copper"": 0.38, ""Boron"": 1.97, ""Soil_Type"": ""Sandy"", ""Irrigation_Type"": ""Canal"", ""Crop_Season"": ""Rabi"", ""Survey_Number"": ""AP-006483""}",NULL,NULL
"AND-GUN-008558","Siva Rao","GUNTUR","Guntur","Guntur","Green Gram (Moong)",9.11,80.37,"Low",88.1,16.300051915566122,80.44982929458364,0.69,0.34,0.32,"{""pH"": 7.05, ""EC"": 1.53, ""Organic_Carbon"": 0.87, ""Nitrogen"": 338.0, ""Phosphorus"": 28.0, ""Potassium"": 534.0, ""Zinc"": 2.28, ""Iron"": 5.71, ""Copper"": 1.04, ""Boron"": 2.36, ""Soil_Type"": ""Loamy"", ""Irrigation_Type"": ""Rainfed"", ""Crop_Season"": ""Rabi"", ""Survey_Number"": ""AP-008558""}",NULL,NULL
"AND-GUN-002586","Sai Konidela","PIDAPARRUPALEM","Guntur","Kollipara","Sugarcane",9.56,81.87,"Low",97.5,16.315145966245414,80.77325591480516,0.47,0.3,0.43,"{""pH"": 6.66, ""EC"": 2.64, ""Organic_Carbon"": 1.38, ""Nitrogen"": 344.0, ""Phosphorus"": 67.0, ""Potassium"": 388.0, ""Zinc"": 2.95, ""Iron"": 11.61, ""Copper"": 0.58, ""Boron"": 1.0, ""Soil_Type"": ""Loamy"", ""Irrigation_Type"": ""Rainfed"", ""Crop_Season"": ""Zaid"", ""Survey_Number"": ""AP-002586""}",NULL,NULL
"AND-GUN-004307","Prasad Mekapati","PIDAPARRUPALEM","Guntur","Kollipara","Chilli",7.41,74.7,"Medium",88.4,16.29484532970003,80.74050879034682,0.36,0.58,0.38,"{""pH"": 8.44, ""EC"": 2.28, ""Organic_Carbon"": 0.49, ""Nitrogen"": 119.0, ""Phosphorus"": 64.0, ""Potassium"": 257.0, ""Zinc"": 0.89, ""Iron"": 4.81, ""Copper"": 1.57, ""Boron"": 1.85, ""Soil_Type"": ""Loamy"", ""Irrigation_Type"": ""Sprinkler"", ""Crop_Season"": ""Zaid"", ""Survey_Number"": ""AP-004307""}",NULL,NULL
"AND-GUN-004869","Prasad Mekapati","PIDAPARRUPALEM","Guntur","Kollipara","Mango",9.15,80.5,"Low",85.5,16.319738167232146,80.77272037457067,0.35,0.46,0.46,"{""pH"": 6.63, ""EC"": 0.72, ""Organic_Carbon"": 1.48, ""Nitrogen"": 172.0, ""Phosphorus"": 21.0, ""Potassium"": 313.0, ""Zinc"": 2.92, ""Iron"": 13.81, ""Copper"": 0.35, ""Boron"": 1.1, ""Soil_Type"": ""Loamy"", ""Irrigation_Type"": ""Drip"", ""Crop_Season"": ""Kharif"", ""Survey_Number"": ""AP-004869""}",NULL,NULL
"AND-GUN-008392","Satyanarayana Kaza","PIDAPARRUPALEM","Guntur","Kollipara","Jowar (Sorghum)",1.8,56.0,"High",94.2,16.306663533196502,80.7909523609166,0.39,0.3,0.27,"{""pH"": 8.67, ""EC"": 0.32, ""Organic_Carbon"": 0.78, ""Nitrogen"": 362.0, ""Phosphorus"": 78.0, ""Potassium"": 348.0, ""Zinc"": 1.46, ""Iron"": 4.23, ""Copper"": 1.77, ""Boron"": 0.15, ""Soil_Type"": ""Clay Loam"", ""Irrigation_Type"": ""Drip"", ""Crop_Season"": ""Kharif"", ""Survey_Number"": ""AP-008392""}",NULL,NULL
"AND-GUN-001886","Anand Nandamuri","MANGALAGIRI PADU","Guntur","Medikonduru","Cotton",7.19,73.97,"Medium",98.4,16.32864823538875,80.30822413515124,0.57,0.46,0.28,"{""pH"": 5.91, ""EC"": 2.39, ""Organic_Carbon"": 0.51, ""Nitrogen"": 416.0, ""Phosphorus"": 48.0, ""Potassium"": 155.0, ""Zinc"": 1.64, ""Iron"": 8.42, ""Copper"": 0.21, ""Boron"": 0.91, ""Soil_Type"": ""Loamy"", ""Irrigation_Type"": ""Rainfed"", ""Crop_Season"": ""Zaid"", ""Survey_Number"": ""AP-001886""}",NULL,NULL
"AND-GUN-004314","Murali Dasari","MANGALAGIRI PADU","Guntur","Medikonduru","Sweet Orange",13.19,93.97,"Low",92.6,16.331018577146498,80.32735767491343,0.77,0.52,0.46,"{""pH"": 5.19, ""EC"": 0.29, ""Organic_Carbon"": 0.61, ""Nitrogen"": 176.0, ""Phosphorus"": 74.0, ""Potassium"": 214.0, ""Zinc"": 0.21, ""Iron"": 14.81, ""Copper"": 1.32, ""Boron"": 1.53, ""Soil_Type"": ""Clay"", ""Irrigation_Type"": ""Sprinkler"", ""Crop_Season"": ""Zaid"", ""Survey_Number"": ""AP-004314""}",NULL,NULL
"AND-GUN-005224","Nageswara Rao Kambhampati","MANGALAGIRI PADU","Guntur","Medikonduru","Horse Gram",5.64,68.8,"Medium",89.9,16.327205087021273,80.31569980403626,0.73,0.35,0.26,"{""pH"": 8.37, ""EC"": 1.4, ""Organic_Carbon"": 0.65, ""Nitrogen"": 329.0, ""Phosphorus"": 55.0, ""Potassium"": 526.0, ""Zinc"": 2.76, ""Iron"": 13.97, ""Copper"": 0.57, ""Boron"": 2.16, ""Soil_Type"": ""Sandy"", ""Irrigation_Type"": ""Borewell"", ""Crop_Season"": ""Rabi"", ""Survey_Number"": ""AP-005224""}",NULL,NULL
"AND-GUN-006635","Siva Varma","MANGALAGIRI PADU","Guntur","Medikonduru","Tomato",9.77,82.57,"Low",86.1,16.3210721721405,80.30378248745504,0.32,0.42,0.23,"{""pH"": 7.57, ""EC"": 1.73, ""Organic_Carbon"": 0.7, ""Nitrogen"": 143.0, ""Phosphorus"": 6.0, ""Potassium"": 280.0, ""Zinc"": 1.42, ""Iron"": 5.71, ""Copper"": 1.86, ""Boron"": 2.12, ""Soil_Type"": ""Clay Loam"", ""Irrigation_Type"": ""Drip"", ""Crop_Season"": ""Rabi"", ""Survey_Number"": ""AP-006635""}",NULL,NULL
"AND-GUN-000897","Saraswathi Kaza","MUNNANGI","Guntur","Kollipara","Chilli",4.75,65.83,"Medium",89.1,16.328040102579767,80.72169772163335,0.58,0.56,0.47,"{""pH"": 7.13, ""EC"": 1.0, ""Organic_Carbon"": 0.77, ""Nitrogen"": 193.0, ""Phosphorus"": 67.0, ""Potassium"": 86.0, ""Zinc"": 1.25, ""Iron"": 14.67, ""Copper"": 0.99, ""Boron"": 0.49, ""Soil_Type"": ""Silty Loam"", ""Irrigation_Type"": ""Canal"", ""Crop_Season"": ""Zaid"", ""Survey_Number"": ""AP-000897""}",NULL,NULL
"AND-GUN-000264","Sai Daggubati","IMMANI","Guntur","Duggirala","Horse Gram",8.02,76.73,"Medium",96.7,16.310492453606507,80.65281876448395,0.69,0.48,0.38,"{""pH"": 5.49, ""EC"": 1.21, ""Organic_Carbon"": 0.97, ""Nitrogen"": 185.0, ""Phosphorus"": 13.0, ""Potassium"": 126.0, ""Zinc"": 1.18, ""Iron"": 5.78, ""Copper"": 1.48, ""Boron"": 1.53, ""Soil_Type"": ""Silty Loam"", ""Irrigation_Type"": ""Rainfed"", ""Crop_Season"": ""Rabi"", ""Survey_Number"": ""AP-000264""}",NULL,NULL
"AND-GUN-007478","Krishna Raju","IMMANI","Guntur","Duggirala","Coconut",0.69,52.3,"High",95.5,16.306633595069997,80.67749012154812,0.38,0.35,0.32,"{""pH"": 7.11, ""EC"": 1.4, ""Organic_Carbon"": 0.54, ""Nitrogen"": 187.0, ""Phosphorus"": 20.0, ""Potassium"": 252.0, ""Zinc"": 0.97, ""Iron"": 12.44, ""Copper"": 1.71, ""Boron"": 2.04, ""Soil_Type"": ""Sandy"", ""Irrigation_Type"": ""Rainfed"", ""Crop_Season"": ""Rabi"", ""Survey_Number"": ""AP-007478""}",NULL,NULL
"AND-GUN-003860","Subba Rao Kodali","TALLURU","Guntur","Phirangipuram","Sesame (Til)",12.59,91.97,"Low",93.5,16.301776025060178,80.21786358591251,0.52,0.42,0.25,"{""pH"": 7.43, ""EC"": 2.51, ""Organic_Carbon"": 1.11, ""Nitrogen"": 149.0, ""Phosphorus"": 22.0, ""Potassium"": 237.0, ""Zinc"": 3.44, ""Iron"": 2.46, ""Copper"": 0.39, ""Boron"": 0.57, ""Soil_Type"": ""Sandy Loam"", ""Irrigation_Type"": ""Sprinkler"", ""Crop_Season"": ""Zaid"", ""Survey_Number"": ""AP-003860""}",NULL,NULL
"AND-GUN-000022","Ramesh Rao","TALLURU","Guntur","Phirangipuram","Red Gram (Pigeon Pea)",2.52,58.4,"High",97.9,16.300492263485133,80.23489491103477,0.57,0.54,0.27,"{""pH"": 6.67, ""EC"": 1.68, ""Organic_Carbon"": 0.59, ""Nitrogen"": 434.0, ""Phosphorus"": 72.0, ""Potassium"": 88.0, ""Zinc"": 2.4, ""Iron"": 9.21, ""Copper"": 1.87, ""Boron"": 0.35, ""Soil_Type"": ""Sandy Loam"", ""Irrigation_Type"": ""Canal"", ""Crop_Season"": ""Zaid"", ""Survey_Number"": ""AP-000022""}",NULL,NULL
"AND-GUN-003537","Prasad Reddy","PENUMULI","Guntur","Duggirala","Maize",4.22,64.07,"Medium",97.1,16.32962751030198,80.59366531103547,0.33,0.21,0.44,"{""pH"": 7.95, ""EC"": 1.24, ""Organic_Carbon"": 1.32, ""Nitrogen"": 196.0, ""Phosphorus"": 28.0, ""Potassium"": 533.0, ""Zinc"": 1.04, ""Iron"": 3.26, ""Copper"": 1.44, ""Boron"": 1.05, ""Soil_Type"": ""Sandy"", ""Irrigation_Type"": ""Borewell"", ""Crop_Season"": ""Zaid"", ""Survey_Number"": ""AP-003537""}",NULL,NULL
"AND-GUN-004981","Murali Raju","PENUMULI","Guntur","Duggirala","Green Gram (Moong)",14.67,98.9,"Low",86.8,16.34259802763125,80.56368591039269,0.74,0.31,0.24,"{""pH"": 5.1, ""EC"": 1.46, ""Organic_Carbon"": 0.24, ""Nitrogen"": 216.0, ""Phosphorus"": 5.0, ""Potassium"": 246.0, ""Zinc"": 1.11, ""Iron"": 8.29, ""Copper"": 1.01, ""Boron"": 1.69, ""Soil_Type"": ""Silty Loam"", ""Irrigation_Type"": ""Borewell"", ""Crop_Season"": ""Rabi"", ""Survey_Number"": ""AP-004981""}",NULL,NULL
"AND-GUN-000676","Venkata Rao","VALLABHAPURAM","Guntur","Kollipara","Black Gram (Urad)",14.74,99.13,"Low",88.1,16.349830885191263,80.7303772197862,0.56,0.55,0.21,"{""pH"": 7.22, ""EC"": 0.35, ""Organic_Carbon"": 0.34, ""Nitrogen"": 422.0, ""Phosphorus"": 20.0, ""Potassium"": 122.0, ""Zinc"": 2.14, ""Iron"": 13.86, ""Copper"": 1.34, ""Boron"": 0.56, ""Soil_Type"": ""Sandy"", ""Irrigation_Type"": ""Canal"", ""Crop_Season"": ""Zaid"", ""Survey_Number"": ""AP-000676""}",NULL,NULL
"AND-GUN-006146","Ramu Akkineni","VALLABHAPURAM","Guntur","Kollipara","Turmeric",2.94,59.8,"High",93.6,16.327836417259604,80.70911925744176,0.52,0.35,0.44,"{""pH"": 8.39, ""EC"": 1.99, ""Organic_Carbon"": 1.38, ""Nitrogen"": 442.0, ""Phosphorus"": 18.0, ""Potassium"": 123.0, ""Zinc"": 1.71, ""Iron"": 7.65, ""Copper"": 0.55, ""Boron"": 2.25, ""Soil_Type"": ""Loamy"", ""Irrigation_Type"": ""Drip"", ""Crop_Season"": ""Zaid"", ""Survey_Number"": ""AP-006146""}",NULL,NULL
"AND-GUN-000289","Sai Kodali","PEDA PALAKALURU","Guntur","Guntur","Turmeric",4.65,65.5,"Medium",86.8,16.350724681672254,80.40762139817625,0.61,0.2,0.45,"{""pH"": 7.46, ""EC"": 2.29, ""Organic_Carbon"": 0.91, ""Nitrogen"": 408.0, ""Phosphorus"": 30.0, ""Potassium"": 278.0, ""Zinc"": 1.17, ""Iron"": 4.31, ""Copper"": 1.4, ""Boron"": 0.55, ""Soil_Type"": ""Clay Loam"", ""Irrigation_Type"": ""Sprinkler"", ""Crop_Season"": ""Kharif"", ""Survey_Number"": ""AP-000289""}",NULL,NULL
"AND-GUN-003404","Narasimha Vemula","PEDA PALAKALURU","Guntur","Guntur","Onion",5.24,67.47,"Medium",99.0,16.34951185350802,80.37318030130442,0.63,0.35,0.22,"{""pH"": 5.37, ""EC"": 1.13, ""Organic_Carbon"": 0.95, ""Nitrogen"": 128.0, ""Phosphorus"": 76.0, ""Potassium"": 264.0, ""Zinc"": 2.42, ""Iron"": 12.29, ""Copper"": 0.83, ""Boron"": 2.09, ""Soil_Type"": ""Silty Loam"", ""Irrigation_Type"": ""Sprinkler"", ""Crop_Season"": ""Kharif"", ""Survey_Number"": ""AP-003404""}",NULL,NULL
"AND-GUN-004230","Saraswathi Kothapalli","PEDA PALAKALURU","Guntur","Guntur","Banana",3.25,60.83,"Medium",93.7,16.361766399003763,80.38295257601533,0.38,0.21,0.45,"{""pH"": 7.56, ""EC"": 0.88, ""Organic_Carbon"": 1.26, ""Nitrogen"": 279.0, ""Phosphorus"": 39.0, ""Potassium"": 159.0, ""Zinc"": 2.11, ""Iron"": 9.58, ""Copper"": 1.73, ""Boron"": 1.51, ""Soil_Type"": ""Clay"", ""Irrigation_Type"": ""Drip"", ""Crop_Season"": ""Zaid"", ""Survey_Number"": ""AP-004230""}",NULL,NULL
"AND-GUN-009606","Narasimha Konidela","PEDA PALAKALURU","Guntur","Guntur","Oil Palm",11.72,89.07,"Low",94.8,16.34353654051735,80.39212320820275,0.48,0.21,0.29,"{""pH"": 8.15, ""EC"": 0.96, ""Organic_Carbon"": 0.86, ""Nitrogen"": 435.0, ""Phosphorus"": 66.0, ""Potassium"": 314.0, ""Zinc"": 2.79, ""Iron"": 3.6, ""Copper"": 1.74, ""Boron"": 0.96, ""Soil_Type"": ""Clay Loam"", ""Irrigation_Type"": ""Drip"", ""Crop_Season"": ""Zaid"", ""Survey_Number"": ""AP-009606""}",NULL,NULL
"AND-GUN-000356","Subba Rao Dasari","SIRANGIPURAM","Guntur","Phirangipuram","Jowar (Sorghum)",9.82,82.73,"Low",88.6,16.336833259389376,80.23913585186492,0.59,0.37,0.37,"{""pH"": 7.5, ""EC"": 1.66, ""Organic_Carbon"": 0.7, ""Nitrogen"": 368.0, ""Phosphorus"": 68.0, ""Potassium"": 237.0, ""Zinc"": 2.22, ""Iron"": 6.19, ""Copper"": 1.32, ""Boron"": 0.37, ""Soil_Type"": ""Silty Loam"", ""Irrigation_Type"": ""Drip"", ""Crop_Season"": ""Rabi"", ""Survey_Number"": ""AP-000356""}",NULL,NULL
"AND-GUN-001400","Parvathi Mekapati","SIRANGIPURAM","Guntur","Phirangipuram","Groundnut",10.75,85.83,"Low",92.2,16.334592213271968,80.24132176488293,0.52,0.49,0.24,"{""pH"": 6.9, ""EC"": 0.47, ""Organic_Carbon"": 1.14, ""Nitrogen"": 211.0, ""Phosphorus"": 78.0, ""Potassium"": 356.0, ""Zinc"": 0.53, ""Iron"": 4.05, ""Copper"": 1.94, ""Boron"": 2.49, ""Soil_Type"": ""Silty Loam"", ""Irrigation_Type"": ""Canal"", ""Crop_Season"": ""Rabi"", ""Survey_Number"": ""AP-001400""}",NULL,NULL
"AND-GUN-009461","Parvathi Ghattamaneni","SIRANGIPURAM","Guntur","Phirangipuram","Turmeric",10.41,84.7,"Low",96.4,16.34075761119343,80.2466656383923,0.71,0.5,0.22,"{""pH"": 5.01, ""EC"": 1.42, ""Organic_Carbon"": 0.91, ""Nitrogen"": 243.0, ""Phosphorus"": 15.0, ""Potassium"": 185.0, ""Zinc"": 1.59, ""Iron"": 3.45, ""Copper"": 0.2, ""Boron"": 1.25, ""Soil_Type"": ""Sandy Loam"", ""Irrigation_Type"": ""Sprinkler"", ""Crop_Season"": ""Rabi"", ""Survey_Number"": ""AP-009461""}",NULL,NULL
"AND-GUN-003376","Venkatesh Naidu","ERRAGUNTLAPADU","Guntur","Phirangipuram","Green Gram (Moong)",11.78,89.27,"Low",94.8,16.33490702913629,80.19520684842261,0.51,0.54,0.4,"{""pH"": 8.44, ""EC"": 2.12, ""Organic_Carbon"": 0.65, ""Nitrogen"": 243.0, ""Phosphorus"": 58.0, ""Potassium"": 240.0, ""Zinc"": 2.49, ""Iron"": 9.98, ""Copper"": 0.46, ""Boron"": 1.64, ""Soil_Type"": ""Sandy"", ""Irrigation_Type"": ""Drip"", ""Crop_Season"": ""Zaid"", ""Survey_Number"": ""AP-003376""}",NULL,NULL
"AND-GUN-000966","Kiran Goud","PERECHERLA","Guntur","Medikonduru","Red Gram (Pigeon Pea)",5.66,68.87,"Medium",88.7,16.330828780010044,80.35183835520048,0.45,0.54,0.39,"{""pH"": 8.75, ""EC"": 2.5, ""Organic_Carbon"": 0.68, ""Nitrogen"": 305.0, ""Phosphorus"": 10.0, ""Potassium"": 239.0, ""Zinc"": 0.67, ""Iron"": 5.2, ""Copper"": 1.37, ""Boron"": 2.22, ""Soil_Type"": ""Sandy"", ""Irrigation_Type"": ""Drip"", ""Crop_Season"": ""Kharif"", ""Survey_Number"": ""AP-000966""}",NULL,NULL
"AND-GUN-007727","Nageswara Rao Yarlagadda","PERECHERLA","Guntur","Medikonduru","Onion",1.89,56.3,"High",96.1,16.328818370207866,80.35409839297928,0.46,0.5,0.27,"{""pH"": 5.56, ""EC"": 0.74, ""Organic_Carbon"": 1.3, ""Nitrogen"": 219.0, ""Phosphorus"": 31.0, ""Potassium"": 158.0, ""Zinc"": 0.51, ""Iron"": 3.89, ""Copper"": 1.64, ""Boron"": 0.7, ""Soil_Type"": ""Loamy"", ""Irrigation_Type"": ""Sprinkler"", ""Crop_Season"": ""Zaid"", ""Survey_Number"": ""AP-007727""}",NULL,NULL
"AND-GUN-008491","Venkata Allu","PERECHERLA","Guntur","Medikonduru","Sugarcane",12.25,90.83,"Low",86.0,16.3407615608047,80.35504130086558,0.32,0.36,0.5,"{""pH"": 8.6, ""EC"": 0.59, ""Organic_Carbon"": 0.32, ""Nitrogen"": 394.0, ""Phosphorus"": 39.0, ""Potassium"": 485.0, ""Zinc"": 2.14, ""Iron"": 13.59, ""Copper"": 1.0, ""Boron"": 1.42, ""Soil_Type"": ""Sandy Loam"", ""Irrigation_Type"": ""Borewell"", ""Crop_Season"": ""Rabi"", ""Survey_Number"": ""AP-008491""}",NULL,NULL
"AND-GUN-009649","Satyanarayana Vemula","CHINA PALAKALURU","Guntur","Guntur","Banana",9.05,80.17,"Low",90.1,16.354912399697625,80.37525843472405,0.65,0.46,0.27,"{""pH"": 8.57, ""EC"": 1.5, ""Organic_Carbon"": 0.55, ""Nitrogen"": 291.0, ""Phosphorus"": 65.0, ""Potassium"": 407.0, ""Zinc"": 1.22, ""Iron"": 7.53, ""Copper"": 1.91, ""Boron"": 0.22, ""Soil_Type"": ""Silty Loam"", ""Irrigation_Type"": ""Rainfed"", ""Crop_Season"": ""Rabi"", ""Survey_Number"": ""AP-009649""}",NULL,NULL
"AND-GUN-005577","Srinivas Kaza","KOTAMARAJUKONDRU","Guntur","Duggirala","Cotton",9.93,83.1,"Low",93.1,16.34760265390963,80.5700134133356,0.3,0.22,0.44,"{""pH"": 7.21, ""EC"": 0.56, ""Organic_Carbon"": 1.28, ""Nitrogen"": 212.0, ""Phosphorus"": 31.0, ""Potassium"": 592.0, ""Zinc"": 1.44, ""Iron"": 10.76, ""Copper"": 0.6, ""Boron"": 1.31, ""Soil_Type"": ""Clay"", ""Irrigation_Type"": ""Borewell"", ""Crop_Season"": ""Zaid"", ""Survey_Number"": ""AP-005577""}",NULL,NULL
"AND-GUN-002255","Rambabu Akkineni","GORANTLA","Guntur","Guntur","Paddy (Rice)",13.25,94.17,"Low",85.5,16.335639939975064,80.44447564055245,0.4,0.28,0.5,"{""pH"": 7.19, ""EC"": 0.36, ""Organic_Carbon"": 1.24, ""Nitrogen"": 145.0, ""Phosphorus"": 75.0, ""Potassium"": 119.0, ""Zinc"": 1.39, ""Iron"": 12.8, ""Copper"": 0.41, ""Boron"": 1.25, ""Soil_Type"": ""Loamy"", ""Irrigation_Type"": ""Drip"", ""Crop_Season"": ""Kharif"", ""Survey_Number"": ""AP-002255""}",NULL,NULL
"AND-GUN-008620","Appa Rao Allu","GORANTLA","Guntur","Guntur","Banana",2.84,59.47,"High",94.9,16.342463962104613,80.45127169435166,0.69,0.4,0.23,"{""pH"": 5.67, ""EC"": 1.07, ""Organic_Carbon"": 1.35, ""Nitrogen"": 429.0, ""Phosphorus"": 19.0, ""Potassium"": 397.0, ""Zinc"": 0.46, ""Iron"": 7.43, ""Copper"": 1.41, ""Boron"": 2.35, ""Soil_Type"": ""Sandy Loam"", ""Irrigation_Type"": ""Drip"", ""Crop_Season"": ""Zaid"", ""Survey_Number"": ""AP-008620""}",NULL,NULL
"AND-GUN-002490","Venkata Kodali","TAKKELAPADU","Guntur","Phirangipuram","Green Gram (Moong)",5.94,69.8,"Medium",87.2,16.352822181304372,80.2298137860856,0.34,0.51,0.49,"{""pH"": 6.05, ""EC"": 1.21, ""Organic_Carbon"": 0.28, ""Nitrogen"": 419.0, ""Phosphorus"": 48.0, ""Potassium"": 345.0, ""Zinc"": 1.76, ""Iron"": 2.64, ""Copper"": 1.36, ""Boron"": 1.1, ""Soil_Type"": ""Clay Loam"", ""Irrigation_Type"": ""Rainfed"", ""Crop_Season"": ""Kharif"", ""Survey_Number"": ""AP-002490""}",NULL,NULL
"AND-GUN-004252","Ramesh Nandamuri","TAKKELAPADU","Guntur","Phirangipuram","Green Gram (Moong)",1.4,54.67,"High",86.7,16.367842979470936,80.24696456832534,0.61,0.33,0.48,"{""pH"": 8.49, ""EC"": 2.27, ""Organic_Carbon"": 1.17, ""Nitrogen"": 201.0, ""Phosphorus"": 56.0, ""Potassium"": 151.0, ""Zinc"": 1.19, ""Iron"": 14.25, ""Copper"": 0.64, ""Boron"": 1.72, ""Soil_Type"": ""Sandy"", ""Irrigation_Type"": ""Sprinkler"", ""Crop_Season"": ""Rabi"", ""Survey_Number"": ""AP-004252""}",NULL,NULL
"AND-GUN-004444","Venkata Allu","PERIKALAPUDI","Guntur","Duggirala","Tomato",6.29,70.97,"Medium",86.8,16.344849381374544,80.6403429286708,0.47,0.4,0.44,"{""pH"": 7.99, ""EC"": 1.54, ""Organic_Carbon"": 0.95, ""Nitrogen"": 168.0, ""Phosphorus"": 18.0, ""Potassium"": 200.0, ""Zinc"": 3.02, ""Iron"": 4.27, ""Copper"": 1.12, ""Boron"": 0.27, ""Soil_Type"": ""Sandy"", ""Irrigation_Type"": ""Sprinkler"", ""Crop_Season"": ""Kharif"", ""Survey_Number"": ""AP-004444""}",NULL,NULL
"AND-GUN-006054","Ravi Uppalapati","MORAMPUDI","Guntur","Duggirala","Turmeric",6.22,70.73,"Medium",95.1,16.33498513935974,80.6303097509632,0.8,0.27,0.23,"{""pH"": 5.59, ""EC"": 3.0, ""Organic_Carbon"": 1.27, ""Nitrogen"": 203.0, ""Phosphorus"": 59.0, ""Potassium"": 106.0, ""Zinc"": 0.61, ""Iron"": 4.43, ""Copper"": 1.33, ""Boron"": 1.37, ""Soil_Type"": ""Clay"", ""Irrigation_Type"": ""Drip"", ""Crop_Season"": ""Kharif"", ""Survey_Number"": ""AP-006054""}",NULL,NULL
"AND-GUN-002040","Srinu Konidela","CHINNAPALEM","Guntur","Duggirala","Sesame (Til)",4.14,63.8,"Medium",96.9,16.36411910750629,80.66727815130082,0.5,0.24,0.21,"{""pH"": 7.07, ""EC"": 2.29, ""Organic_Carbon"": 1.28, ""Nitrogen"": 198.0, ""Phosphorus"": 15.0, ""Potassium"": 84.0, ""Zinc"": 1.55, ""Iron"": 7.83, ""Copper"": 1.78, ""Boron"": 0.88, ""Soil_Type"": ""Clay"", ""Irrigation_Type"": ""Canal"", ""Crop_Season"": ""Kharif"", ""Survey_Number"": ""AP-002040""}",NULL,NULL
"AND-GUN-002665","Parvathi Golla","CHINNAPALEM","Guntur","Duggirala","Sunflower",9.31,81.03,"Low",85.2,16.372530621301074,80.66090125955601,0.49,0.5,0.43,"{""pH"": 7.4, ""EC"": 0.26, ""Organic_Carbon"": 0.34, ""Nitrogen"": 317.0, ""Phosphorus"": 29.0, ""Potassium"": 331.0, ""Zinc"": 1.09, ""Iron"": 2.77, ""Copper"": 0.6, ""Boron"": 2.21, ""Soil_Type"": ""Clay Loam"", ""Irrigation_Type"": ""Drip"", ""Crop_Season"": ""Kharif"", ""Survey_Number"": ""AP-002665""}",NULL,NULL
"AND-GUN-007368","Nageswara Rao Allu","POTLAPADU","Guntur","Medikonduru","Ragi (Finger Millet)",8.9,79.67,"Medium",96.9,16.37208521982929,80.27356047536009,0.54,0.53,0.37,"{""pH"": 8.8, ""EC"": 1.77, ""Organic_Carbon"": 1.4, ""Nitrogen"": 448.0, ""Phosphorus"": 48.0, ""Potassium"": 417.0, ""Zinc"": 1.78, ""Iron"": 2.03, ""Copper"": 1.1, ""Boron"": 1.71, ""Soil_Type"": ""Clay"", ""Irrigation_Type"": ""Borewell"", ""Crop_Season"": ""Rabi"", ""Survey_Number"": ""AP-007368""}",NULL,NULL
"AND-GUN-008815","Krishna Konidela","NAMBURU","Guntur","Pedakakani","Black Gram (Urad)",9.99,83.3,"Low",89.6,16.294473439079756,80.53732952862671,0.78,0.41,0.47,"{""pH"": 5.87, ""EC"": 2.33, ""Organic_Carbon"": 0.8, ""Nitrogen"": 289.0, ""Phosphorus"": 72.0, ""Potassium"": 348.0, ""Zinc"": 2.27, ""Iron"": 2.61, ""Copper"": 0.25, ""Boron"": 1.38, ""Soil_Type"": ""Sandy"", ""Irrigation_Type"": ""Borewell"", ""Crop_Season"": ""Kharif"", ""Survey_Number"": ""AP-008815""}",NULL,NULL
"AND-GUN-000933","Lakshmi Dasari","DAMARAPALLE","Guntur","Tadikonda","Sunflower",14.77,99.23,"Low",94.4,16.378761274566923,80.41768927322025,0.66,0.57,0.27,"{""pH"": 5.47, ""EC"": 2.24, ""Organic_Carbon"": 1.43, ""Nitrogen"": 177.0, ""Phosphorus"": 31.0, ""Potassium"": 534.0, ""Zinc"": 0.67, ""Iron"": 5.58, ""Copper"": 0.72, ""Boron"": 1.63, ""Soil_Type"": ""Sandy"", ""Irrigation_Type"": ""Drip"", ""Crop_Season"": ""Zaid"", ""Survey_Number"": ""AP-000933""}",NULL,NULL
"AND-GUN-000588","Srinu Bandi","VISADALA","Guntur","Medikonduru","Green Gram (Moong)",2.37,57.9,"High",88.8,16.350574260764567,80.32942510167908,0.72,0.56,0.21,"{""pH"": 6.5, ""EC"": 0.99, ""Organic_Carbon"": 1.36, ""Nitrogen"": 392.0, ""Phosphorus"": 25.0, ""Potassium"": 463.0, ""Zinc"": 1.04, ""Iron"": 3.1, ""Copper"": 1.53, ""Boron"": 0.81, ""Soil_Type"": ""Loamy"", ""Irrigation_Type"": ""Drip"", ""Crop_Season"": ""Zaid"", ""Survey_Number"": ""AP-000588""}",NULL,NULL
"AND-GUN-003034","Murali Raju","VISADALA","Guntur","Medikonduru","Red Gram (Pigeon Pea)",1.97,56.57,"High",89.9,16.368956211629907,80.33641446776181,0.65,0.5,0.46,"{""pH"": 6.6, ""EC"": 1.37, ""Organic_Carbon"": 1.4, ""Nitrogen"": 249.0, ""Phosphorus"": 55.0, ""Potassium"": 307.0, ""Zinc"": 2.84, ""Iron"": 6.13, ""Copper"": 0.25, ""Boron"": 0.6, ""Soil_Type"": ""Clay"", ""Irrigation_Type"": ""Rainfed"", ""Crop_Season"": ""Rabi"", ""Survey_Number"": ""AP-003034""}",NULL,NULL
"AND-GUN-003992","Venkata Nandamuri","VISADALA","Guntur","Medikonduru","Sesame (Til)",3.56,61.87,"Medium",98.8,16.357412421206696,80.33303261993983,0.35,0.24,0.24,"{""pH"": 7.23, ""EC"": 1.3, ""Organic_Carbon"": 1.48, ""Nitrogen"": 254.0, ""Phosphorus"": 16.0, ""Potassium"": 437.0, ""Zinc"": 2.36, ""Iron"": 7.28, ""Copper"": 0.14, ""Boron"": 0.57, ""Soil_Type"": ""Sandy Loam"", ""Irrigation_Type"": ""Canal"", ""Crop_Season"": ""Kharif"", ""Survey_Number"": ""AP-003992""}",NULL,NULL
"AND-GUN-007110","Ravi Nandamuri","VISADALA","Guntur","Medikonduru","Mango",6.53,71.77,"Medium",90.2,16.363823801311312,80.33993244082671,0.57,0.43,0.46,"{""pH"": 6.6, ""EC"": 2.09, ""Organic_Carbon"": 1.09, ""Nitrogen"": 290.0, ""Phosphorus"": 45.0, ""Potassium"": 532.0, ""Zinc"": 2.93, ""Iron"": 14.81, ""Copper"": 1.87, ""Boron"": 1.28, ""Soil_Type"": ""Sandy"", ""Irrigation_Type"": ""Canal"", ""Crop_Season"": ""Zaid"", ""Survey_Number"": ""AP-007110""}",NULL,NULL
"AND-GUN-000921","Babu Mekapati","KOPPURUNARRU","Guntur","Pedakakani","Jowar (Sorghum)",13.09,93.63,"Low",96.1,16.377619673162712,80.51600488422962,0.78,0.59,0.32,"{""pH"": 5.43, ""EC"": 1.48, ""Organic_Carbon"": 1.48, ""Nitrogen"": 374.0, ""Phosphorus"": 61.0, ""Potassium"": 217.0, ""Zinc"": 3.03, ""Iron"": 12.52, ""Copper"": 0.1, ""Boron"": 1.24, ""Soil_Type"": ""Loamy"", ""Irrigation_Type"": ""Sprinkler"", ""Crop_Season"": ""Zaid"", ""Survey_Number"": ""AP-000921""}",NULL,NULL
"AND-GUN-005542","Prasad Golla","KOPPURUNARRU","Guntur","Pedakakani","Paddy (Rice)",9.92,83.07,"Low",86.9,16.374888218394062,80.5021197941045,0.45,0.42,0.29,"{""pH"": 7.02, ""EC"": 1.42, ""Organic_Carbon"": 1.37, ""Nitrogen"": 384.0, ""Phosphorus"": 25.0, ""Potassium"": 404.0, ""Zinc"": 1.93, ""Iron"": 13.25, ""Copper"": 0.45, ""Boron"": 1.33, ""Soil_Type"": ""Loamy"", ""Irrigation_Type"": ""Drip"", ""Crop_Season"": ""Zaid"", ""Survey_Number"": ""AP-005542""}",NULL,NULL
"AND-GUN-000144","Narasimha Reddy","ZONNALAGADDA","Guntur","Guntur","Tomato",4.86,66.2,"Medium",89.7,16.38616769898688,80.46605443972976,0.51,0.25,0.39,"{""pH"": 8.23, ""EC"": 0.21, ""Organic_Carbon"": 1.4, ""Nitrogen"": 313.0, ""Phosphorus"": 27.0, ""Potassium"": 117.0, ""Zinc"": 3.49, ""Iron"": 7.16, ""Copper"": 1.04, ""Boron"": 2.35, ""Soil_Type"": ""Clay"", ""Irrigation_Type"": ""Drip"", ""Crop_Season"": ""Kharif"", ""Survey_Number"": ""AP-000144""}",NULL,NULL
"AND-GUN-009442","Gopi Pothineni","ZONNALAGADDA","Guntur","Guntur","Oil Palm",2.01,56.7,"High",87.3,16.377708231239637,80.45756059231474,0.73,0.56,0.41,"{""pH"": 7.55, ""EC"": 1.07, ""Organic_Carbon"": 0.85, ""Nitrogen"": 271.0, ""Phosphorus"": 64.0, ""Potassium"": 497.0, ""Zinc"": 0.48, ""Iron"": 6.73, ""Copper"": 1.94, ""Boron"": 0.44, ""Soil_Type"": ""Clay Loam"", ""Irrigation_Type"": ""Drip"", ""Crop_Season"": ""Kharif"", ""Survey_Number"": ""AP-009442""}",NULL,NULL
"AND-GUN-000753","Prakash Uppalapati","SRINGARAPURAM","Guntur","Duggirala","Chilli",9.6,82.0,"Low",97.8,16.395151013528988,80.64274285505043,0.55,0.4,0.28,"{""pH"": 5.26, ""EC"": 0.64, ""Organic_Carbon"": 1.37, ""Nitrogen"": 172.0, ""Phosphorus"": 6.0, ""Potassium"": 565.0, ""Zinc"": 1.61, ""Iron"": 2.27, ""Copper"": 1.95, ""Boron"": 2.22, ""Soil_Type"": ""Clay"", ""Irrigation_Type"": ""Borewell"", ""Crop_Season"": ""Rabi"", ""Survey_Number"": ""AP-000753""}",NULL,NULL
"AND-GUN-002520","Siva Pothineni","CHIRUVURU","Guntur","Duggirala","Horse Gram",10.98,86.6,"Low",97.2,16.387287840899255,80.60239474481197,0.56,0.59,0.39,"{""pH"": 7.08, ""EC"": 1.18, ""Organic_Carbon"": 0.32, ""Nitrogen"": 119.0, ""Phosphorus"": 10.0, ""Potassium"": 212.0, ""Zinc"": 0.42, ""Iron"": 3.99, ""Copper"": 0.24, ""Boron"": 0.71, ""Soil_Type"": ""Sandy"", ""Irrigation_Type"": ""Borewell"", ""Crop_Season"": ""Kharif"", ""Survey_Number"": ""AP-002520""}",NULL,NULL
"AND-GUN-005518","Gopi Dasari","CHIRUVURU","Guntur","Duggirala","Ragi (Finger Millet)",11.63,88.77,"Low",98.9,16.361114261834768,80.61611100714909,0.51,0.27,0.44,"{""pH"": 8.74, ""EC"": 0.27, ""Organic_Carbon"": 1.36, ""Nitrogen"": 416.0, ""Phosphorus"": 53.0, ""Potassium"": 216.0, ""Zinc"": 1.06, ""Iron"": 2.97, ""Copper"": 1.64, ""Boron"": 1.63, ""Soil_Type"": ""Clay"", ""Irrigation_Type"": ""Rainfed"", ""Crop_Season"": ""Zaid"", ""Survey_Number"": ""AP-005518""}",NULL,NULL
"AND-GUN-009507","Krishna Bandi","CHIRUVURU","Guntur","Duggirala","Black Gram (Urad)",1.78,55.93,"High",90.5,16.376977516650392,80.57928959953328,0.68,0.53,0.35,"{""pH"": 7.59, ""EC"": 2.5, ""Organic_Carbon"": 0.81, ""Nitrogen"": 328.0, ""Phosphorus"": 16.0, ""Potassium"": 414.0, ""Zinc"": 3.48, ""Iron"": 3.32, ""Copper"": 1.51, ""Boron"": 1.66, ""Soil_Type"": ""Silty Loam"", ""Irrigation_Type"": ""Rainfed"", ""Crop_Season"": ""Zaid"", ""Survey_Number"": ""AP-009507""}",NULL,NULL
"AND-GUN-002509","Prakash Ghattamaneni","TUMMAPUDI","Guntur","Duggirala","Coconut",12.78,92.6,"Low",85.1,16.359545739389276,80.62332953217611,0.76,0.23,0.21,"{""pH"": 7.29, ""EC"": 1.78, ""Organic_Carbon"": 0.29, ""Nitrogen"": 141.0, ""Phosphorus"": 59.0, ""Potassium"": 271.0, ""Zinc"": 2.43, ""Iron"": 10.46, ""Copper"": 0.71, ""Boron"": 0.85, ""Soil_Type"": ""Clay Loam"", ""Irrigation_Type"": ""Sprinkler"", ""Crop_Season"": ""Kharif"", ""Survey_Number"": ""AP-002509""}",NULL,NULL
"AND-GUN-002950","Satyanarayana Dasari","TUMMAPUDI","Guntur","Duggirala","Ragi (Finger Millet)",14.03,96.77,"Low",92.1,16.372601659555457,80.62556498342018,0.4,0.45,0.31,"{""pH"": 7.68, ""EC"": 2.44, ""Organic_Carbon"": 1.46, ""Nitrogen"": 292.0, ""Phosphorus"": 66.0, ""Potassium"": 180.0, ""Zinc"": 0.38, ""Iron"": 7.38, ""Copper"": 1.51, ""Boron"": 0.15, ""Soil_Type"": ""Loamy"", ""Irrigation_Type"": ""Canal"", ""Crop_Season"": ""Rabi"", ""Survey_Number"": ""AP-002950""}",NULL,NULL
"AND-GUN-001810","Suresh Vemula","VELAVARTHIPADU","Guntur","Medikonduru","Bajra (Pearl Millet)",1.93,56.43,"High",86.9,16.374874113018937,80.30516716218992,0.67,0.29,0.21,"{""pH"": 6.49, ""EC"": 1.92, ""Organic_Carbon"": 1.08, ""Nitrogen"": 326.0, ""Phosphorus"": 8.0, ""Potassium"": 475.0, ""Zinc"": 2.28, ""Iron"": 8.21, ""Copper"": 0.91, ""Boron"": 0.9, ""Soil_Type"": ""Loamy"", ""Irrigation_Type"": ""Borewell"", ""Crop_Season"": ""Rabi"", ""Survey_Number"": ""AP-001810""}",NULL,NULL
"AND-GUN-001335","Saraswathi Bandi","CHINNAVADLAPUDI","Guntur","Mangalagiri","Bengal Gram (Chickpea)",14.63,98.77,"Low",97.5,16.394645389955336,80.61217531813017,0.61,0.31,0.29,"{""pH"": 7.64, ""EC"": 0.46, ""Organic_Carbon"": 1.36, ""Nitrogen"": 211.0, ""Phosphorus"": 29.0, ""Potassium"": 375.0, ""Zinc"": 1.21, ""Iron"": 11.09, ""Copper"": 1.97, ""Boron"": 2.17, ""Soil_Type"": ""Silty Loam"", ""Irrigation_Type"": ""Sprinkler"", ""Crop_Season"": ""Zaid"", ""Survey_Number"": ""AP-001335""}",NULL,NULL
"AND-GUN-002023","Ramakrishna Vemula","CHINNAVADLAPUDI","Guntur","Mangalagiri","Turmeric",14.08,96.93,"Low",95.4,16.390783851616813,80.60808967169609,0.62,0.45,0.38,"{""pH"": 7.93, ""EC"": 1.75, ""Organic_Carbon"": 0.77, ""Nitrogen"": 132.0, ""Phosphorus"": 39.0, ""Potassium"": 102.0, ""Zinc"": 0.85, ""Iron"": 11.98, ""Copper"": 1.95, ""Boron"": 1.7, ""Soil_Type"": ""Loamy"", ""Irrigation_Type"": ""Drip"", ""Crop_Season"": ""Zaid"", ""Survey_Number"": ""AP-002023""}",NULL,NULL
"AND-GUN-003543","Nageswara Rao Uppalapati","CHINNAVADLAPUDI","Guntur","Mangalagiri","Paddy (Rice)",2.63,58.77,"High",97.4,16.395895152010432,80.6043098307404,0.32,0.45,0.43,"{""pH"": 7.8, ""EC"": 0.67, ""Organic_Carbon"": 1.08, ""Nitrogen"": 179.0, ""Phosphorus"": 42.0, ""Potassium"": 186.0, ""Zinc"": 3.01, ""Iron"": 4.02, ""Copper"": 0.48, ""Boron"": 1.29, ""Soil_Type"": ""Silty Loam"", ""Irrigation_Type"": ""Canal"", ""Crop_Season"": ""Rabi"", ""Survey_Number"": ""AP-003543""}",NULL,NULL
"AND-GUN-000757","Lakshmi Chowdary","LAM","Guntur","Tadikonda","Sesame (Til)",9.49,81.63,"Low",85.7,16.379809929511126,80.42285323009571,0.4,0.31,0.2,"{""pH"": 6.89, ""EC"": 0.81, ""Organic_Carbon"": 1.16, ""Nitrogen"": 320.0, ""Phosphorus"": 51.0, ""Potassium"": 291.0, ""Zinc"": 2.66, ""Iron"": 4.52, ""Copper"": 1.91, ""Boron"": 1.63, ""Soil_Type"": ""Loamy"", ""Irrigation_Type"": ""Rainfed"", ""Crop_Season"": ""Rabi"", ""Survey_Number"": ""AP-000757""}",NULL,NULL
"AND-GUN-002871","Gopi Rao","LAM","Guntur","Tadikonda","Turmeric",13.46,94.87,"Low",85.3,16.38857515390896,80.43781492909926,0.56,0.52,0.45,"{""pH"": 8.14, ""EC"": 0.72, ""Organic_Carbon"": 0.37, ""Nitrogen"": 360.0, ""Phosphorus"": 78.0, ""Potassium"": 279.0, ""Zinc"": 1.75, ""Iron"": 5.4, ""Copper"": 0.14, ""Boron"": 0.25, ""Soil_Type"": ""Clay"", ""Irrigation_Type"": ""Borewell"", ""Crop_Season"": ""Kharif"", ""Survey_Number"": ""AP-002871""}",NULL,NULL
"AND-GUN-006552","Siva Dasari","LAM","Guntur","Tadikonda","Horse Gram",8.07,76.9,"Medium",94.0,16.39606107568998,80.43449710922253,0.31,0.25,0.44,"{""pH"": 7.17, ""EC"": 1.08, ""Organic_Carbon"": 0.72, ""Nitrogen"": 393.0, ""Phosphorus"": 14.0, ""Potassium"": 585.0, ""Zinc"": 0.32, ""Iron"": 9.14, ""Copper"": 0.13, ""Boron"": 2.22, ""Soil_Type"": ""Sandy"", ""Irrigation_Type"": ""Drip"", ""Crop_Season"": ""Zaid"", ""Survey_Number"": ""AP-006552""}",NULL,NULL
"AND-GUN-009706","Srinivas Kodali","LAM","Guntur","Tadikonda","Cotton",3.0,60.0,"Medium",89.3,16.370276640944553,80.42930364829422,0.72,0.36,0.24,"{""pH"": 8.34, ""EC"": 0.55, ""Organic_Carbon"": 1.16, ""Nitrogen"": 173.0, ""Phosphorus"": 43.0, ""Potassium"": 447.0, ""Zinc"": 1.95, ""Iron"": 10.75, ""Copper"": 1.89, ""Boron"": 2.17, ""Soil_Type"": ""Clay"", ""Irrigation_Type"": ""Drip"", ""Crop_Season"": ""Zaid"", ""Survey_Number"": ""AP-009706""}",NULL,NULL
"AND-GUN-003926","Babu Kaza","BANDARUPALLI","Guntur","Tadikonda","Sweet Orange",0.87,52.9,"High",85.4,16.3921029251585,80.34688377608285,0.61,0.33,0.21,"{""pH"": 8.08, ""EC"": 2.98, ""Organic_Carbon"": 1.01, ""Nitrogen"": 227.0, ""Phosphorus"": 50.0, ""Potassium"": 90.0, ""Zinc"": 1.93, ""Iron"": 7.07, ""Copper"": 1.08, ""Boron"": 1.91, ""Soil_Type"": ""Loamy"", ""Irrigation_Type"": ""Rainfed"", ""Crop_Season"": ""Zaid"", ""Survey_Number"": ""AP-003926""}",NULL,NULL
"AND-GUN-008880","Ravi Nimmagadda","BANDARUPALLI","Guntur","Tadikonda","Horse Gram",3.61,62.03,"Medium",89.1,16.379604645563248,80.364224029906,0.3,0.39,0.46,"{""pH"": 6.47, ""EC"": 0.24, ""Organic_Carbon"": 0.75, ""Nitrogen"": 317.0, ""Phosphorus"": 41.0, ""Potassium"": 160.0, ""Zinc"": 2.23, ""Iron"": 3.03, ""Copper"": 1.01, ""Boron"": 1.02, ""Soil_Type"": ""Loamy"", ""Irrigation_Type"": ""Sprinkler"", ""Crop_Season"": ""Rabi"", ""Survey_Number"": ""AP-008880""}",NULL,NULL
"AND-GUN-001352","Ravi Kothapalli","GUNDIMEDA","Guntur","Tadepalle","Jowar (Sorghum)",8.89,79.63,"Medium",86.3,16.45062933277479,80.64661882581683,0.4,0.53,0.46,"{""pH"": 7.6, ""EC"": 1.99, ""Organic_Carbon"": 1.49, ""Nitrogen"": 145.0, ""Phosphorus"": 58.0, ""Potassium"": 155.0, ""Zinc"": 1.75, ""Iron"": 6.92, ""Copper"": 1.26, ""Boron"": 2.17, ""Soil_Type"": ""Loamy"", ""Irrigation_Type"": ""Canal"", ""Crop_Season"": ""Rabi"", ""Survey_Number"": ""AP-001352""}",NULL,NULL
"AND-GUN-001882","Suresh Ghattamaneni","GUNDIMEDA","Guntur","Tadepalle","Banana",13.16,93.87,"Low",90.5,16.442218395292738,80.64502578177478,0.79,0.54,0.23,"{""pH"": 7.72, ""EC"": 1.12, ""Organic_Carbon"": 0.58, ""Nitrogen"": 141.0, ""Phosphorus"": 38.0, ""Potassium"": 521.0, ""Zinc"": 3.42, ""Iron"": 12.38, ""Copper"": 1.67, ""Boron"": 1.6, ""Soil_Type"": ""Sandy"", ""Irrigation_Type"": ""Drip"", ""Crop_Season"": ""Rabi"", ""Survey_Number"": ""AP-001882""}",NULL,NULL
"AND-GUN-008728","Murali Konidela","GUNDIMEDA","Guntur","Tadepalle","Sugarcane",3.61,62.03,"Medium",99.0,16.44216340762803,80.64952327478896,0.39,0.25,0.22,"{""pH"": 7.52, ""EC"": 2.41, ""Organic_Carbon"": 0.69, ""Nitrogen"": 204.0, ""Phosphorus"": 12.0, ""Potassium"": 274.0, ""Zinc"": 2.27, ""Iron"": 5.02, ""Copper"": 1.72, ""Boron"": 2.21, ""Soil_Type"": ""Sandy Loam"", ""Irrigation_Type"": ""Borewell"", ""Crop_Season"": ""Zaid"", ""Survey_Number"": ""AP-008728""}",NULL,NULL
"AND-GUN-009547","Gopi Naidu","GUNDIMEDA","Guntur","Tadepalle","Sugarcane",2.61,58.7,"High",94.3,16.436727714471377,80.64194182440701,0.32,0.27,0.47,"{""pH"": 7.61, ""EC"": 1.17, ""Organic_Carbon"": 0.89, ""Nitrogen"": 291.0, ""Phosphorus"": 46.0, ""Potassium"": 158.0, ""Zinc"": 2.0, ""Iron"": 12.08, ""Copper"": 1.11, ""Boron"": 1.27, ""Soil_Type"": ""Sandy Loam"", ""Irrigation_Type"": ""Sprinkler"", ""Crop_Season"": ""Zaid"", ""Survey_Number"": ""AP-009547""}",NULL,NULL
"AND-GUN-005366","Appa Rao Kambhampati","RAMACHANDRAPURAM","Guntur","Mangalagiri","Banana",14.86,99.53,"Low",95.8,16.40434808139989,80.67111860546176,0.44,0.36,0.43,"{""pH"": 8.76, ""EC"": 2.27, ""Organic_Carbon"": 0.61, ""Nitrogen"": 188.0, ""Phosphorus"": 58.0, ""Potassium"": 417.0, ""Zinc"": 3.12, ""Iron"": 8.42, ""Copper"": 0.89, ""Boron"": 2.38, ""Soil_Type"": ""Sandy"", ""Irrigation_Type"": ""Rainfed"", ""Crop_Season"": ""Rabi"", ""Survey_Number"": ""AP-005366""}",NULL,NULL
"AND-GUN-005724","Srinivas Golla","RAMACHANDRAPURAM","Guntur","Mangalagiri","Turmeric",2.55,58.5,"High",89.0,16.394032500797383,80.68322766778805,0.38,0.45,0.39,"{""pH"": 8.71, ""EC"": 1.21, ""Organic_Carbon"": 0.53, ""Nitrogen"": 359.0, ""Phosphorus"": 58.0, ""Potassium"": 456.0, ""Zinc"": 1.55, ""Iron"": 11.53, ""Copper"": 0.16, ""Boron"": 0.5, ""Soil_Type"": ""Sandy Loam"", ""Irrigation_Type"": ""Sprinkler"", ""Crop_Season"": ""Zaid"", ""Survey_Number"": ""AP-005724""}",NULL,NULL
"AND-GUN-008240","Ramu Goud","RAMACHANDRAPURAM","Guntur","Mangalagiri","Green Gram (Moong)",2.71,59.03,"High",91.9,16.40936157123377,80.67279527279283,0.38,0.21,0.31,"{""pH"": 6.84, ""EC"": 0.14, ""Organic_Carbon"": 1.4, ""Nitrogen"": 237.0, ""Phosphorus"": 53.0, ""Potassium"": 92.0, ""Zinc"": 2.13, ""Iron"": 13.53, ""Copper"": 0.55, ""Boron"": 1.1, ""Soil_Type"": ""Sandy"", ""Irrigation_Type"": ""Drip"", ""Crop_Season"": ""Kharif"", ""Survey_Number"": ""AP-008240""}",NULL,NULL
"AND-GUN-004382","Lakshmi Pothineni","RF","Guntur","Tadikonda","Ragi (Finger Millet)",1.53,55.1,"High",94.0,16.466088975405444,80.39533717620395,0.55,0.31,0.22,"{""pH"": 6.63, ""EC"": 2.83, ""Organic_Carbon"": 0.91, ""Nitrogen"": 237.0, ""Phosphorus"": 48.0, ""Potassium"": 485.0, ""Zinc"": 1.63, ""Iron"": 14.58, ""Copper"": 0.22, ""Boron"": 1.94, ""Soil_Type"": ""Sandy Loam"", ""Irrigation_Type"": ""Borewell"", ""Crop_Season"": ""Kharif"", ""Survey_Number"": ""AP-004382""}",NULL,NULL
"AND-GUN-008842","Lakshmi Goud","RF","Guntur","Tadikonda","Sugarcane",12.88,92.93,"Low",90.8,16.466077858295836,80.39603048027902,0.35,0.38,0.3,"{""pH"": 5.25, ""EC"": 1.64, ""Organic_Carbon"": 1.39, ""Nitrogen"": 141.0, ""Phosphorus"": 55.0, ""Potassium"": 359.0, ""Zinc"": 0.32, ""Iron"": 8.34, ""Copper"": 1.65, ""Boron"": 0.82, ""Soil_Type"": ""Sandy Loam"", ""Irrigation_Type"": ""Rainfed"", ""Crop_Season"": ""Rabi"", ""Survey_Number"": ""AP-008842""}",NULL,NULL
"AND-GUN-007076","Suresh Vemula","KAZZA","Guntur","Mangalagiri","Maize",3.15,60.5,"Medium",90.2,16.377295904944127,80.52833508659765,0.57,0.48,0.21,"{""pH"": 7.69, ""EC"": 1.29, ""Organic_Carbon"": 0.54, ""Nitrogen"": 241.0, ""Phosphorus"": 35.0, ""Potassium"": 237.0, ""Zinc"": 2.04, ""Iron"": 8.51, ""Copper"": 0.73, ""Boron"": 1.56, ""Soil_Type"": ""Loamy"", ""Irrigation_Type"": ""Canal"", ""Crop_Season"": ""Kharif"", ""Survey_Number"": ""AP-007076""}",NULL,NULL
"AND-GUN-002286","Ramakrishna Chowdary","PALADUGU","Guntur","Medikonduru","Bajra (Pearl Millet)",4.51,65.03,"Medium",94.2,16.404990320196973,80.25347844577838,0.79,0.49,0.23,"{""pH"": 8.1, ""EC"": 2.16, ""Organic_Carbon"": 0.92, ""Nitrogen"": 183.0, ""Phosphorus"": 59.0, ""Potassium"": 365.0, ""Zinc"": 3.2, ""Iron"": 8.69, ""Copper"": 1.02, ""Boron"": 0.32, ""Soil_Type"": ""Clay Loam"", ""Irrigation_Type"": ""Canal"", ""Crop_Season"": ""Kharif"", ""Survey_Number"": ""AP-002286""}",NULL,NULL
"AND-GUN-008136","Nageswara Rao Akkineni","PALADUGU","Guntur","Medikonduru","Banana",1.42,54.73,"High",95.4,16.410715434967912,80.27175102460278,0.38,0.21,0.42,"{""pH"": 6.69, ""EC"": 0.33, ""Organic_Carbon"": 1.41, ""Nitrogen"": 193.0, ""Phosphorus"": 51.0, ""Potassium"": 322.0, ""Zinc"": 2.88, ""Iron"": 11.77, ""Copper"": 0.5, ""Boron"": 1.71, ""Soil_Type"": ""Sandy Loam"", ""Irrigation_Type"": ""Rainfed"", ""Crop_Season"": ""Zaid"", ""Survey_Number"": ""AP-008136""}",NULL,NULL
"AND-GUN-003161","Gopi Mekapati","CHINNAKAKANI","Guntur","Mangalagiri","Banana",6.94,73.13,"Medium",97.1,16.413120557891187,80.5516617473832,0.51,0.51,0.25,"{""pH"": 8.55, ""EC"": 1.7, ""Organic_Carbon"": 1.5, ""Nitrogen"": 190.0, ""Phosphorus"": 24.0, ""Potassium"": 308.0, ""Zinc"": 3.45, ""Iron"": 13.3, ""Copper"": 0.84, ""Boron"": 2.09, ""Soil_Type"": ""Sandy"", ""Irrigation_Type"": ""Borewell"", ""Crop_Season"": ""Rabi"", ""Survey_Number"": ""AP-003161""}",NULL,NULL
"AND-GUN-005407","Prasad Nimmagadda","CHINNAKAKANI","Guntur","Mangalagiri","Tomato",14.52,98.4,"Low",92.8,16.416079506590993,80.58068720558543,0.54,0.54,0.34,"{""pH"": 8.69, ""EC"": 0.81, ""Organic_Carbon"": 0.48, ""Nitrogen"": 320.0, ""Phosphorus"": 30.0, ""Potassium"": 375.0, ""Zinc"": 2.1, ""Iron"": 4.8, ""Copper"": 0.71, ""Boron"": 1.72, ""Soil_Type"": ""Clay Loam"", ""Irrigation_Type"": ""Rainfed"", ""Crop_Season"": ""Rabi"", ""Survey_Number"": ""AP-005407""}",NULL,NULL
"AND-GUN-000170","Prasad Kaza","MANDAPADU","Guntur","Medikonduru","Jowar (Sorghum)",9.07,80.23,"Low",91.0,16.405108038962286,80.33493297710093,0.73,0.47,0.4,"{""pH"": 7.48, ""EC"": 2.59, ""Organic_Carbon"": 1.19, ""Nitrogen"": 147.0, ""Phosphorus"": 56.0, ""Potassium"": 468.0, ""Zinc"": 1.44, ""Iron"": 8.19, ""Copper"": 1.31, ""Boron"": 1.79, ""Soil_Type"": ""Sandy"", ""Irrigation_Type"": ""Rainfed"", ""Crop_Season"": ""Kharif"", ""Survey_Number"": ""AP-000170""}",NULL,NULL
"AND-GUN-002014","Sai Dasari","MANDAPADU","Guntur","Medikonduru","Sesame (Til)",2.52,58.4,"High",94.4,16.399663984870173,80.32050437532628,0.49,0.21,0.28,"{""pH"": 8.67, ""EC"": 1.11, ""Organic_Carbon"": 0.22, ""Nitrogen"": 445.0, ""Phosphorus"": 79.0, ""Potassium"": 432.0, ""Zinc"": 1.8, ""Iron"": 9.77, ""Copper"": 1.68, ""Boron"": 0.97, ""Soil_Type"": ""Sandy"", ""Irrigation_Type"": ""Rainfed"", ""Crop_Season"": ""Zaid"", ""Survey_Number"": ""AP-002014""}",NULL,NULL
"AND-GUN-003795","Venkata Vemula","KANTERU","Guntur","Tadikonda","Tomato",0.97,53.23,"High",93.6,16.41090394980861,80.49633077544232,0.65,0.52,0.21,"{""pH"": 5.42, ""EC"": 2.31, ""Organic_Carbon"": 0.3, ""Nitrogen"": 308.0, ""Phosphorus"": 76.0, ""Potassium"": 244.0, ""Zinc"": 3.11, ""Iron"": 6.5, ""Copper"": 1.14, ""Boron"": 1.7, ""Soil_Type"": ""Clay Loam"", ""Irrigation_Type"": ""Canal"", ""Crop_Season"": ""Zaid"", ""Survey_Number"": ""AP-003795""}",NULL,NULL
"AND-GUN-001711","Krishna Goud","RAVELA","Guntur","Tadikonda","Tomato",2.7,59.0,"High",97.3,16.422557597529515,80.3439855551157,0.75,0.57,0.4,"{""pH"": 5.55, ""EC"": 2.0, ""Organic_Carbon"": 0.35, ""Nitrogen"": 419.0, ""Phosphorus"": 69.0, ""Potassium"": 107.0, ""Zinc"": 3.44, ""Iron"": 13.49, ""Copper"": 0.53, ""Boron"": 1.73, ""Soil_Type"": ""Sandy"", ""Irrigation_Type"": ""Drip"", ""Crop_Season"": ""Rabi"", ""Survey_Number"": ""AP-001711""}",NULL,NULL
"AND-GUN-002140","Siva Mekapati","RAVELA","Guntur","Tadikonda","Chilli",12.94,93.13,"Low",92.3,16.42232998034164,80.35969800980888,0.77,0.57,0.4,"{""pH"": 7.81, ""EC"": 1.58, ""Organic_Carbon"": 1.05, ""Nitrogen"": 198.0, ""Phosphorus"": 72.0, ""Potassium"": 390.0, ""Zinc"": 2.4, ""Iron"": 6.88, ""Copper"": 1.19, ""Boron"": 0.22, ""Soil_Type"": ""Sandy Loam"", ""Irrigation_Type"": ""Sprinkler"", ""Crop_Season"": ""Zaid"", ""Survey_Number"": ""AP-002140""}",NULL,NULL
"AND-GUN-007515","Srinivas Reddy","RAVELA","Guntur","Tadikonda","Black Gram (Urad)",9.34,81.13,"Low",91.5,16.428396439011756,80.33180528796758,0.78,0.37,0.3,"{""pH"": 8.41, ""EC"": 1.93, ""Organic_Carbon"": 0.91, ""Nitrogen"": 127.0, ""Phosphorus"": 69.0, ""Potassium"": 513.0, ""Zinc"": 0.88, ""Iron"": 11.55, ""Copper"": 1.43, ""Boron"": 1.53, ""Soil_Type"": ""Clay"", ""Irrigation_Type"": ""Drip"", ""Crop_Season"": ""Zaid"", ""Survey_Number"": ""AP-007515""}",NULL,NULL
"AND-GUN-007878","Kiran Dasari","RAVELA","Guntur","Tadikonda","Sunflower",6.11,70.37,"Medium",97.5,16.434038604512146,80.35217830907452,0.67,0.42,0.46,"{""pH"": 6.95, ""EC"": 0.88, ""Organic_Carbon"": 0.99, ""Nitrogen"": 306.0, ""Phosphorus"": 22.0, ""Potassium"": 446.0, ""Zinc"": 0.48, ""Iron"": 4.41, ""Copper"": 1.09, ""Boron"": 2.27, ""Soil_Type"": ""Clay"", ""Irrigation_Type"": ""Drip"", ""Crop_Season"": ""Rabi"", ""Survey_Number"": ""AP-007878""}",NULL,NULL
"AND-GUN-000006","Satyanarayana Bandi","RAVELA","Guntur","Tadikonda","Onion",2.76,59.2,"High",85.3,16.419226649414313,80.35034048861502,0.45,0.28,0.34,"{""pH"": 7.95, ""EC"": 0.76, ""Organic_Carbon"": 0.24, ""Nitrogen"": 261.0, ""Phosphorus"": 56.0, ""Potassium"": 354.0, ""Zinc"": 0.42, ""Iron"": 13.87, ""Copper"": 1.18, ""Boron"": 1.82, ""Soil_Type"": ""Sandy"", ""Irrigation_Type"": ""Sprinkler"", ""Crop_Season"": ""Kharif"", ""Survey_Number"": ""AP-000006""}",NULL,NULL
"AND-GUN-005151","Suresh Goud","PEDDAVADLAPUDI","Guntur","Mangalagiri","Turmeric",4.99,66.63,"Medium",95.5,16.41709494348491,80.58406761912859,0.76,0.52,0.41,"{""pH"": 5.32, ""EC"": 2.06, ""Organic_Carbon"": 0.49, ""Nitrogen"": 395.0, ""Phosphorus"": 47.0, ""Potassium"": 309.0, ""Zinc"": 2.97, ""Iron"": 14.16, ""Copper"": 1.42, ""Boron"": 2.05, ""Soil_Type"": ""Sandy Loam"", ""Irrigation_Type"": ""Sprinkler"", ""Crop_Season"": ""Zaid"", ""Survey_Number"": ""AP-005151""}",NULL,NULL
"AND-GUN-000949","Appa Rao Nandamuri","CHIRRAVURU","Guntur","Tadepalle","Ragi (Finger Millet)",13.17,93.9,"Low",86.2,16.42402749818294,80.65411499648839,0.66,0.29,0.34,"{""pH"": 5.37, ""EC"": 2.76, ""Organic_Carbon"": 1.48, ""Nitrogen"": 343.0, ""Phosphorus"": 73.0, ""Potassium"": 401.0, ""Zinc"": 0.55, ""Iron"": 12.74, ""Copper"": 0.53, ""Boron"": 0.94, ""Soil_Type"": ""Sandy"", ""Irrigation_Type"": ""Canal"", ""Crop_Season"": ""Zaid"", ""Survey_Number"": ""AP-000949""}",NULL,NULL
"AND-GUN-003471","Sai Chowdary","CHIRRAVURU","Guntur","Tadepalle","Sesame (Til)",0.78,52.6,"High",92.7,16.42954374015509,80.6503066082277,0.58,0.42,0.23,"{""pH"": 8.67, ""EC"": 2.26, ""Organic_Carbon"": 1.41, ""Nitrogen"": 446.0, ""Phosphorus"": 76.0, ""Potassium"": 97.0, ""Zinc"": 3.05, ""Iron"": 5.91, ""Copper"": 1.23, ""Boron"": 0.2, ""Soil_Type"": ""Loamy"", ""Irrigation_Type"": ""Rainfed"", ""Crop_Season"": ""Kharif"", ""Survey_Number"": ""AP-003471""}",NULL,NULL
"AND-GUN-006374","Siva Pothineni","CHIRRAVURU","Guntur","Tadepalle","Banana",13.73,95.77,"Low",85.3,16.423166389504374,80.66713026974114,0.34,0.53,0.41,"{""pH"": 6.05, ""EC"": 0.46, ""Organic_Carbon"": 1.31, ""Nitrogen"": 108.0, ""Phosphorus"": 73.0, ""Potassium"": 573.0, ""Zinc"": 0.4, ""Iron"": 5.38, ""Copper"": 0.12, ""Boron"": 1.08, ""Soil_Type"": ""Loamy"", ""Irrigation_Type"": ""Sprinkler"", ""Crop_Season"": ""Kharif"", ""Survey_Number"": ""AP-006374""}",NULL,NULL
"AND-GUN-008085","Parvathi Golla","CHIRRAVURU","Guntur","Tadepalle","Horse Gram",10.4,84.67,"Low",85.2,16.436357011295904,80.65271469785712,0.42,0.55,0.28,"{""pH"": 5.27, ""EC"": 2.28, ""Organic_Carbon"": 1.35, ""Nitrogen"": 216.0, ""Phosphorus"": 35.0, ""Potassium"": 563.0, ""Zinc"": 1.64, ""Iron"": 7.52, ""Copper"": 1.17, ""Boron"": 1.79, ""Soil_Type"": ""Clay Loam"", ""Irrigation_Type"": ""Sprinkler"", ""Crop_Season"": ""Zaid"", ""Survey_Number"": ""AP-008085""}",NULL,NULL
"AND-GUN-009308","Murali Bandi","CHIRRAVURU","Guntur","Tadepalle","Paddy (Rice)",11.11,87.03,"Low",94.1,16.431981098808212,80.6619116609131,0.64,0.41,0.31,"{""pH"": 5.65, ""EC"": 0.9, ""Organic_Carbon"": 0.93, ""Nitrogen"": 143.0, ""Phosphorus"": 20.0, ""Potassium"": 187.0, ""Zinc"": 2.83, ""Iron"": 2.8, ""Copper"": 1.69, ""Boron"": 0.17, ""Soil_Type"": ""Sandy Loam"", ""Irrigation_Type"": ""Canal"", ""Crop_Season"": ""Zaid"", ""Survey_Number"": ""AP-009308""}",NULL,NULL
"AND-GUN-007180","Gopi Kambhampati","NUTAKKI","Guntur","Mangalagiri","Sugarcane",7.77,75.9,"Medium",90.7,16.405887557362895,80.64214555023408,0.35,0.21,0.27,"{""pH"": 7.21, ""EC"": 1.56, ""Organic_Carbon"": 0.82, ""Nitrogen"": 114.0, ""Phosphorus"": 69.0, ""Potassium"": 345.0, ""Zinc"": 1.79, ""Iron"": 13.68, ""Copper"": 1.18, ""Boron"": 1.18, ""Soil_Type"": ""Clay Loam"", ""Irrigation_Type"": ""Sprinkler"", ""Crop_Season"": ""Rabi"", ""Survey_Number"": ""AP-007180""}",NULL,NULL
"AND-GUN-003198","Venkata Akkineni","NIDAMARRU","Guntur","Mangalagiri","Sweet Orange",13.21,94.03,"Low",95.6,16.44860435911937,80.52955107510034,0.44,0.48,0.22,"{""pH"": 5.59, ""EC"": 1.46, ""Organic_Carbon"": 0.22, ""Nitrogen"": 397.0, ""Phosphorus"": 79.0, ""Potassium"": 254.0, ""Zinc"": 1.9, ""Iron"": 3.56, ""Copper"": 0.37, ""Boron"": 0.93, ""Soil_Type"": ""Clay"", ""Irrigation_Type"": ""Rainfed"", ""Crop_Season"": ""Zaid"", ""Survey_Number"": ""AP-003198""}",NULL,NULL
"AND-GUN-003548","Parvathi Daggubati","NIDAMARRU","Guntur","Mangalagiri","Sesame (Til)",7.53,75.1,"Medium",89.1,16.43265282505548,80.51273951087121,0.71,0.29,0.22,"{""pH"": 5.99, ""EC"": 1.92, ""Organic_Carbon"": 1.11, ""Nitrogen"": 233.0, ""Phosphorus"": 32.0, ""Potassium"": 328.0, ""Zinc"": 3.29, ""Iron"": 10.24, ""Copper"": 1.9, ""Boron"": 0.5, ""Soil_Type"": ""Loamy"", ""Irrigation_Type"": ""Drip"", ""Crop_Season"": ""Kharif"", ""Survey_Number"": ""AP-003548""}",NULL,NULL
"AND-GUN-007599","Subba Rao Kothapalli","NIDAMARRU","Guntur","Mangalagiri","Oil Palm",14.96,99.87,"Low",85.5,16.443322433846994,80.5231064420708,0.68,0.34,0.33,"{""pH"": 6.56, ""EC"": 2.69, ""Organic_Carbon"": 1.35, ""Nitrogen"": 251.0, ""Phosphorus"": 63.0, ""Potassium"": 96.0, ""Zinc"": 2.02, ""Iron"": 5.53, ""Copper"": 1.96, ""Boron"": 0.19, ""Soil_Type"": ""Loamy"", ""Irrigation_Type"": ""Borewell"", ""Crop_Season"": ""Rabi"", ""Survey_Number"": ""AP-007599""}",NULL,NULL
"AND-GUN-008276","Siva Golla","NIDAMARRU","Guntur","Mangalagiri","Tomato",11.26,87.53,"Low",88.7,16.43138963058202,80.52520621712121,0.64,0.4,0.27,"{""pH"": 7.67, ""EC"": 0.91, ""Organic_Carbon"": 1.12, ""Nitrogen"": 391.0, ""Phosphorus"": 52.0, ""Potassium"": 486.0, ""Zinc"": 2.88, ""Iron"": 8.23, ""Copper"": 1.49, ""Boron"": 1.12, ""Soil_Type"": ""Clay Loam"", ""Irrigation_Type"": ""Sprinkler"", ""Crop_Season"": ""Kharif"", ""Survey_Number"": ""AP-008276""}",NULL,NULL
"AND-GUN-008497","Siva Rao","NIDAMARRU","Guntur","Mangalagiri","Tomato",14.92,99.73,"Low",94.0,16.436106788198536,80.50802959727318,0.36,0.23,0.22,"{""pH"": 6.91, ""EC"": 0.52, ""Organic_Carbon"": 0.47, ""Nitrogen"": 309.0, ""Phosphorus"": 32.0, ""Potassium"": 128.0, ""Zinc"": 3.35, ""Iron"": 3.28, ""Copper"": 1.19, ""Boron"": 0.7, ""Soil_Type"": ""Silty Loam"", ""Irrigation_Type"": ""Sprinkler"", ""Crop_Season"": ""Zaid"", ""Survey_Number"": ""AP-008497""}",NULL,NULL
"AND-GUN-009325","Babu Kaza","NIDAMARRU","Guntur","Mangalagiri","Ragi (Finger Millet)",3.14,60.47,"Medium",93.2,16.427009696463664,80.53642047505943,0.65,0.55,0.33,"{""pH"": 5.04, ""EC"": 2.34, ""Organic_Carbon"": 0.38, ""Nitrogen"": 206.0, ""Phosphorus"": 64.0, ""Potassium"": 557.0, ""Zinc"": 1.85, ""Iron"": 6.4, ""Copper"": 0.66, ""Boron"": 1.57, ""Soil_Type"": ""Loamy"", ""Irrigation_Type"": ""Rainfed"", ""Crop_Season"": ""Zaid"", ""Survey_Number"": ""AP-009325""}",NULL,NULL
"AND-GUN-000639","Appa Rao Kothapalli","IPPATAM","Guntur","Tadepalle","Sugarcane",4.4,64.67,"Medium",98.1,16.447570687356347,80.62173270348607,0.38,0.42,0.34,"{""pH"": 5.56, ""EC"": 0.92, ""Organic_Carbon"": 1.17, ""Nitrogen"": 117.0, ""Phosphorus"": 45.0, ""Potassium"": 396.0, ""Zinc"": 1.86, ""Iron"": 10.95, ""Copper"": 0.62, ""Boron"": 2.13, ""Soil_Type"": ""Sandy Loam"", ""Irrigation_Type"": ""Canal"", ""Crop_Season"": ""Zaid"", ""Survey_Number"": ""AP-000639""}",NULL,NULL
"AND-GUN-001093","Srinu Bandi","IPPATAM","Guntur","Tadepalle","Cotton",9.31,81.03,"Low",96.4,16.45109179580384,80.61788810860347,0.66,0.58,0.24,"{""pH"": 6.56, ""EC"": 2.8, ""Organic_Carbon"": 1.07, ""Nitrogen"": 443.0, ""Phosphorus"": 75.0, ""Potassium"": 389.0, ""Zinc"": 3.29, ""Iron"": 4.73, ""Copper"": 1.0, ""Boron"": 0.18, ""Soil_Type"": ""Clay"", ""Irrigation_Type"": ""Drip"", ""Crop_Season"": ""Zaid"", ""Survey_Number"": ""AP-001093""}",NULL,NULL
"AND-GUN-008029","Narasimha Vemula","IPPATAM","Guntur","Tadepalle","Ragi (Finger Millet)",8.1,77.0,"Medium",97.4,16.450612864652754,80.6057250075017,0.66,0.57,0.49,"{""pH"": 6.27, ""EC"": 3.0, ""Organic_Carbon"": 0.85, ""Nitrogen"": 279.0, ""Phosphorus"": 16.0, ""Potassium"": 302.0, ""Zinc"": 1.92, ""Iron"": 14.87, ""Copper"": 1.46, ""Boron"": 2.09, ""Soil_Type"": ""Clay Loam"", ""Irrigation_Type"": ""Canal"", ""Crop_Season"": ""Rabi"", ""Survey_Number"": ""AP-008029""}",NULL,NULL
"AND-GUN-005483","Saraswathi Kambhampati","LACHCHANNAGUDIPUDI","Guntur","Tadikonda","Onion",6.97,73.23,"Medium",91.9,16.455312170037285,80.39673184179716,0.78,0.45,0.49,"{""pH"": 5.4, ""EC"": 0.24, ""Organic_Carbon"": 1.07, ""Nitrogen"": 341.0, ""Phosphorus"": 9.0, ""Potassium"": 537.0, ""Zinc"": 2.27, ""Iron"": 2.32, ""Copper"": 1.82, ""Boron"": 1.75, ""Soil_Type"": ""Sandy"", ""Irrigation_Type"": ""Borewell"", ""Crop_Season"": ""Rabi"", ""Survey_Number"": ""AP-005483""}",NULL,NULL
"AND-GUN-008931","Ramesh Ghattamaneni","LACHCHANNAGUDIPUDI","Guntur","Tadikonda","Tobacco",6.21,70.7,"Medium",88.8,16.438895656612992,80.38180699213234,0.3,0.23,0.42,"{""pH"": 5.83, ""EC"": 2.68, ""Organic_Carbon"": 0.39, ""Nitrogen"": 277.0, ""Phosphorus"": 35.0, ""Potassium"": 525.0, ""Zinc"": 1.04, ""Iron"": 11.4, ""Copper"": 1.6, ""Boron"": 0.57, ""Soil_Type"": ""Clay"", ""Irrigation_Type"": ""Rainfed"", ""Crop_Season"": ""Kharif"", ""Survey_Number"": ""AP-008931""}",NULL,NULL
"AND-GUN-008226","Appa Rao Varma","BEJATPURAM","Guntur","Tadikonda","Sweet Orange",8.49,78.3,"Medium",95.2,16.460287794426005,80.38377143278764,0.55,0.3,0.41,"{""pH"": 6.74, ""EC"": 2.13, ""Organic_Carbon"": 0.54, ""Nitrogen"": 313.0, ""Phosphorus"": 26.0, ""Potassium"": 552.0, ""Zinc"": 2.63, ""Iron"": 9.17, ""Copper"": 1.13, ""Boron"": 1.21, ""Soil_Type"": ""Silty Loam"", ""Irrigation_Type"": ""Rainfed"", ""Crop_Season"": ""Rabi"", ""Survey_Number"": ""AP-008226""}",NULL,NULL
"AND-GUN-008401","Prakash Kothapalli","BEJATPURAM","Guntur","Tadikonda","Cotton",7.74,75.8,"Medium",90.4,16.431595694540007,80.36858240078855,0.49,0.41,0.23,"{""pH"": 7.97, ""EC"": 0.33, ""Organic_Carbon"": 0.76, ""Nitrogen"": 266.0, ""Phosphorus"": 9.0, ""Potassium"": 134.0, ""Zinc"": 1.32, ""Iron"": 12.57, ""Copper"": 0.12, ""Boron"": 0.91, ""Soil_Type"": ""Loamy"", ""Irrigation_Type"": ""Drip"", ""Crop_Season"": ""Kharif"", ""Survey_Number"": ""AP-008401""}",NULL,NULL
"AND-GUN-006676","Saraswathi Kothapalli","TADIKONDA","Guntur","Tadikonda","Banana",12.95,93.17,"Low",94.2,16.441517158689805,80.47959417913123,0.52,0.32,0.29,"{""pH"": 7.09, ""EC"": 2.91, ""Organic_Carbon"": 1.02, ""Nitrogen"": 286.0, ""Phosphorus"": 51.0, ""Potassium"": 505.0, ""Zinc"": 1.87, ""Iron"": 14.6, ""Copper"": 0.46, ""Boron"": 1.46, ""Soil_Type"": ""Sandy"", ""Irrigation_Type"": ""Borewell"", ""Crop_Season"": ""Rabi"", ""Survey_Number"": ""AP-006676""}",NULL,NULL
"AND-GUN-000936","Prasad Kambhampati","NIDUMUKKALA","Guntur","Tadikonda","Turmeric",4.45,64.83,"Medium",90.1,16.443081299412274,80.42271225046245,0.5,0.49,0.37,"{""pH"": 8.66, ""EC"": 1.32, ""Organic_Carbon"": 1.03, ""Nitrogen"": 243.0, ""Phosphorus"": 40.0, ""Potassium"": 337.0, ""Zinc"": 2.31, ""Iron"": 6.27, ""Copper"": 1.37, ""Boron"": 0.7, ""Soil_Type"": ""Sandy Loam"", ""Irrigation_Type"": ""Sprinkler"", ""Crop_Season"": ""Rabi"", ""Survey_Number"": ""AP-000936""}",NULL,NULL
"AND-GUN-001505","Babu Daggubati","NIDUMUKKALA","Guntur","Tadikonda","Horse Gram",6.01,70.03,"Medium",93.8,16.437569109964663,80.4039814939095,0.74,0.4,0.42,"{""pH"": 8.26, ""EC"": 2.8, ""Organic_Carbon"": 0.37, ""Nitrogen"": 284.0, ""Phosphorus"": 23.0, ""Potassium"": 175.0, ""Zinc"": 2.34, ""Iron"": 2.2, ""Copper"": 0.75, ""Boron"": 0.62, ""Soil_Type"": ""Silty Loam"", ""Irrigation_Type"": ""Borewell"", ""Crop_Season"": ""Rabi"", ""Survey_Number"": ""AP-001505""}",NULL,NULL
"AND-GUN-007060","Ravi Mekapati","NIDUMUKKALA","Guntur","Tadikonda","Jowar (Sorghum)",13.71,95.7,"Low",97.0,16.439536358080122,80.39942413040018,0.61,0.55,0.37,"{""pH"": 5.64, ""EC"": 0.17, ""Organic_Carbon"": 0.36, ""Nitrogen"": 242.0, ""Phosphorus"": 38.0, ""Potassium"": 365.0, ""Zinc"": 0.63, ""Iron"": 13.58, ""Copper"": 1.14, ""Boron"": 1.0, ""Soil_Type"": ""Sandy Loam"", ""Irrigation_Type"": ""Drip"", ""Crop_Season"": ""Zaid"", ""Survey_Number"": ""AP-007060""}",NULL,NULL
"AND-GUN-000096","Srinu Reddy","PAMULAPADU","Guntur","Tadikonda","Bengal Gram (Chickpea)",7.66,75.53,"Medium",91.6,16.452630996395364,80.34916085523012,0.68,0.57,0.39,"{""pH"": 5.75, ""EC"": 1.85, ""Organic_Carbon"": 1.19, ""Nitrogen"": 435.0, ""Phosphorus"": 14.0, ""Potassium"": 261.0, ""Zinc"": 3.34, ""Iron"": 10.16, ""Copper"": 0.98, ""Boron"": 1.45, ""Soil_Type"": ""Clay Loam"", ""Irrigation_Type"": ""Canal"", ""Crop_Season"": ""Kharif"", ""Survey_Number"": ""AP-000096""}",NULL,NULL
"AND-GUN-006996","Nageswara Rao Naidu","PAMULAPADU","Guntur","Tadikonda","Sugarcane",8.91,79.7,"Medium",90.2,16.453896173544617,80.3297070715361,0.74,0.46,0.43,"{""pH"": 7.18, ""EC"": 2.43, ""Organic_Carbon"": 0.21, ""Nitrogen"": 196.0, ""Phosphorus"": 30.0, ""Potassium"": 179.0, ""Zinc"": 1.51, ""Iron"": 7.88, ""Copper"": 1.57, ""Boron"": 2.25, ""Soil_Type"": ""Sandy Loam"", ""Irrigation_Type"": ""Rainfed"", ""Crop_Season"": ""Kharif"", ""Survey_Number"": ""AP-006996""}",NULL,NULL
"AND-GUN-009336","Prakash Golla","KALNUKODA","Guntur","Tadepalle","Green Gram (Moong)",3.56,61.87,"Medium",96.0,16.451643478069517,80.62663602017354,0.61,0.47,0.26,"{""pH"": 6.61, ""EC"": 1.34, ""Organic_Carbon"": 0.47, ""Nitrogen"": 390.0, ""Phosphorus"": 50.0, ""Potassium"": 307.0, ""Zinc"": 0.31, ""Iron"": 10.08, ""Copper"": 1.24, ""Boron"": 1.88, ""Soil_Type"": ""Clay"", ""Irrigation_Type"": ""Borewell"", ""Crop_Season"": ""Zaid"", ""Survey_Number"": ""AP-009336""}",NULL,NULL
"AND-GUN-008012","Subba Rao Allu","KURAGALLU","Guntur","Mangalagiri","Chilli",7.0,73.33,"Medium",97.5,16.45458184345602,80.4988526633244,0.63,0.52,0.47,"{""pH"": 8.45, ""EC"": 1.34, ""Organic_Carbon"": 0.63, ""Nitrogen"": 272.0, ""Phosphorus"": 20.0, ""Potassium"": 94.0, ""Zinc"": 3.33, ""Iron"": 3.24, ""Copper"": 0.92, ""Boron"": 1.45, ""Soil_Type"": ""Silty Loam"", ""Irrigation_Type"": ""Drip"", ""Crop_Season"": ""Kharif"", ""Survey_Number"": ""AP-008012""}",NULL,NULL
"AND-GUN-009603","Subba Rao Yarlagadda","KURAGALLU","Guntur","Mangalagiri","Ragi (Finger Millet)",2.98,59.93,"High",89.1,16.463190360704445,80.52688944483707,0.48,0.59,0.43,"{""pH"": 6.18, ""EC"": 1.95, ""Organic_Carbon"": 1.4, ""Nitrogen"": 122.0, ""Phosphorus"": 6.0, ""Potassium"": 437.0, ""Zinc"": 0.75, ""Iron"": 3.42, ""Copper"": 1.35, ""Boron"": 0.83, ""Soil_Type"": ""Sandy Loam"", ""Irrigation_Type"": ""Canal"", ""Crop_Season"": ""Rabi"", ""Survey_Number"": ""AP-009603""}",NULL,NULL
"AND-GUN-009747","Rambabu Uppalapati","KURAGALLU","Guntur","Mangalagiri","Mango",11.99,89.97,"Low",89.6,16.47134497334334,80.50118418294575,0.61,0.4,0.23,"{""pH"": 8.46, ""EC"": 0.92, ""Organic_Carbon"": 1.28, ""Nitrogen"": 127.0, ""Phosphorus"": 23.0, ""Potassium"": 274.0, ""Zinc"": 2.73, ""Iron"": 2.11, ""Copper"": 0.56, ""Boron"": 0.66, ""Soil_Type"": ""Clay"", ""Irrigation_Type"": ""Borewell"", ""Crop_Season"": ""Zaid"", ""Survey_Number"": ""AP-009747""}",NULL,NULL
"AND-GUN-005933","Subba Rao Daggubati","PICHIKALAPALEM","Guntur","Thullur","Red Gram (Pigeon Pea)",4.1,63.67,"Medium",95.4,16.543974938422835,80.44084336156158,0.49,0.27,0.4,"{""pH"": 5.68, ""EC"": 0.52, ""Organic_Carbon"": 1.03, ""Nitrogen"": 103.0, ""Phosphorus"": 22.0, ""Potassium"": 200.0, ""Zinc"": 3.04, ""Iron"": 6.55, ""Copper"": 0.39, ""Boron"": 0.75, ""Soil_Type"": ""Silty Loam"", ""Irrigation_Type"": ""Drip"", ""Crop_Season"": ""Kharif"", ""Survey_Number"": ""AP-005933""}",NULL,NULL
"AND-GUN-005602","Siva Raju","NAVULURU","Guntur","Mangalagiri","Cotton",5.08,66.93,"Medium",96.9,16.454524225576993,80.55265331691837,0.38,0.47,0.22,"{""pH"": 6.67, ""EC"": 0.24, ""Organic_Carbon"": 1.26, ""Nitrogen"": 103.0, ""Phosphorus"": 38.0, ""Potassium"": 84.0, ""Zinc"": 1.94, ""Iron"": 4.24, ""Copper"": 1.02, ""Boron"": 2.41, ""Soil_Type"": ""Sandy"", ""Irrigation_Type"": ""Drip"", ""Crop_Season"": ""Zaid"", ""Survey_Number"": ""AP-005602""}",NULL,NULL
"AND-GUN-005374","Suresh Rao","INAVALU","Guntur","Thullur","Red Gram (Pigeon Pea)",11.84,89.47,"Low",87.8,16.47993856894532,80.5111748077728,0.53,0.48,0.41,"{""pH"": 5.91, ""EC"": 2.61, ""Organic_Carbon"": 1.02, ""Nitrogen"": 448.0, ""Phosphorus"": 52.0, ""Potassium"": 523.0, ""Zinc"": 0.98, ""Iron"": 9.26, ""Copper"": 1.94, ""Boron"": 1.67, ""Soil_Type"": ""Sandy Loam"", ""Irrigation_Type"": ""Drip"", ""Crop_Season"": ""Rabi"", ""Survey_Number"": ""AP-005374""}",NULL,NULL
"AND-GUN-006733","Prakash Vemula","INAVALU","Guntur","Thullur","Tobacco",14.04,96.8,"Low",90.5,16.480027673450227,80.51138358546852,0.44,0.57,0.24,"{""pH"": 7.71, ""EC"": 2.64, ""Organic_Carbon"": 0.36, ""Nitrogen"": 179.0, ""Phosphorus"": 25.0, ""Potassium"": 576.0, ""Zinc"": 3.11, ""Iron"": 3.53, ""Copper"": 0.29, ""Boron"": 0.43, ""Soil_Type"": ""Sandy"", ""Irrigation_Type"": ""Canal"", ""Crop_Season"": ""Kharif"", ""Survey_Number"": ""AP-006733""}",NULL,NULL
"AND-GUN-007900","Subba Rao Reddy","INAVALU","Guntur","Thullur","Paddy (Rice)",13.33,94.43,"Low",95.4,16.473172706173507,80.48693704540065,0.42,0.5,0.41,"{""pH"": 6.02, ""EC"": 2.64, ""Organic_Carbon"": 0.24, ""Nitrogen"": 205.0, ""Phosphorus"": 43.0, ""Potassium"": 393.0, ""Zinc"": 1.81, ""Iron"": 5.33, ""Copper"": 0.93, ""Boron"": 1.56, ""Soil_Type"": ""Clay"", ""Irrigation_Type"": ""Borewell"", ""Crop_Season"": ""Kharif"", ""Survey_Number"": ""AP-007900""}",NULL,NULL
"AND-GUN-000590","Ramu Golla","PEDA PARIMI","Guntur","Thullur","Jowar (Sorghum)",2.7,59.0,"High",96.4,16.466646363682973,80.42835881923553,0.54,0.37,0.29,"{""pH"": 6.36, ""EC"": 0.34, ""Organic_Carbon"": 1.3, ""Nitrogen"": 362.0, ""Phosphorus"": 74.0, ""Potassium"": 160.0, ""Zinc"": 2.79, ""Iron"": 14.05, ""Copper"": 0.29, ""Boron"": 0.27, ""Soil_Type"": ""Loamy"", ""Irrigation_Type"": ""Sprinkler"", ""Crop_Season"": ""Rabi"", ""Survey_Number"": ""AP-000590""}",NULL,NULL
"AND-GUN-004122","Lakshmi Akkineni","KRISHNARAYA","Guntur","Mangalagiri","Banana",8.12,77.07,"Medium",97.6,16.492714041085698,80.55291945200094,0.48,0.58,0.35,"{""pH"": 6.82, ""EC"": 2.92, ""Organic_Carbon"": 1.21, ""Nitrogen"": 260.0, ""Phosphorus"": 7.0, ""Potassium"": 280.0, ""Zinc"": 2.24, ""Iron"": 4.52, ""Copper"": 1.58, ""Boron"": 0.65, ""Soil_Type"": ""Clay Loam"", ""Irrigation_Type"": ""Rainfed"", ""Crop_Season"": ""Zaid"", ""Survey_Number"": ""AP-004122""}",NULL,NULL
"AND-GUN-005292","Srinivas Rao","KRISHNARAYA","Guntur","Mangalagiri","Maize",3.17,60.57,"Medium",96.9,16.474993228979304,80.55842537972453,0.63,0.34,0.38,"{""pH"": 8.76, ""EC"": 1.21, ""Organic_Carbon"": 0.33, ""Nitrogen"": 345.0, ""Phosphorus"": 70.0, ""Potassium"": 125.0, ""Zinc"": 1.13, ""Iron"": 11.89, ""Copper"": 1.12, ""Boron"": 0.31, ""Soil_Type"": ""Clay"", ""Irrigation_Type"": ""Drip"", ""Crop_Season"": ""Zaid"", ""Survey_Number"": ""AP-005292""}",NULL,NULL
"AND-GUN-001418","Venkatesh Kambhampati","TADEPALLE","Guntur","Tadepalle","Oil Palm",2.27,57.57,"High",92.5,16.454725148363853,80.60903831061887,0.39,0.53,0.29,"{""pH"": 5.71, ""EC"": 1.76, ""Organic_Carbon"": 1.42, ""Nitrogen"": 195.0, ""Phosphorus"": 17.0, ""Potassium"": 213.0, ""Zinc"": 0.48, ""Iron"": 14.73, ""Copper"": 0.33, ""Boron"": 1.2, ""Soil_Type"": ""Sandy Loam"", ""Irrigation_Type"": ""Borewell"", ""Crop_Season"": ""Rabi"", ""Survey_Number"": ""AP-001418""}",NULL,NULL
"AND-GUN-001603","Prakash Dasari","TADEPALLE","Guntur","Tadepalle","Bengal Gram (Chickpea)",3.79,62.63,"Medium",91.9,16.468968246925368,80.59677055536852,0.33,0.43,0.46,"{""pH"": 7.93, ""EC"": 0.33, ""Organic_Carbon"": 0.85, ""Nitrogen"": 212.0, ""Phosphorus"": 39.0, ""Potassium"": 433.0, ""Zinc"": 1.61, ""Iron"": 6.36, ""Copper"": 0.47, ""Boron"": 2.08, ""Soil_Type"": ""Silty Loam"", ""Irrigation_Type"": ""Sprinkler"", ""Crop_Season"": ""Kharif"", ""Survey_Number"": ""AP-001603""}",NULL,NULL
"AND-GUN-005142","Murali Yarlagadda","TADEPALLE","Guntur","Tadepalle","Black Gram (Urad)",2.33,57.77,"High",95.2,16.47624857753786,80.59561253862186,0.78,0.52,0.31,"{""pH"": 6.64, ""EC"": 2.11, ""Organic_Carbon"": 0.51, ""Nitrogen"": 274.0, ""Phosphorus"": 37.0, ""Potassium"": 128.0, ""Zinc"": 0.47, ""Iron"": 9.32, ""Copper"": 1.49, ""Boron"": 0.61, ""Soil_Type"": ""Clay"", ""Irrigation_Type"": ""Drip"", ""Crop_Season"": ""Kharif"", ""Survey_Number"": ""AP-005142""}",NULL,NULL
"AND-GUN-002356","Parvathi Kothapalli","SAKHAMARU","Guntur","Thullur","Ragi (Finger Millet)",2.25,57.5,"High",91.7,16.50064346474386,80.50517477430269,0.35,0.56,0.35,"{""pH"": 5.92, ""EC"": 0.47, ""Organic_Carbon"": 1.13, ""Nitrogen"": 163.0, ""Phosphorus"": 5.0, ""Potassium"": 167.0, ""Zinc"": 3.11, ""Iron"": 13.98, ""Copper"": 1.2, ""Boron"": 2.3, ""Soil_Type"": ""Sandy"", ""Irrigation_Type"": ""Canal"", ""Crop_Season"": ""Zaid"", ""Survey_Number"": ""AP-002356""}",NULL,NULL
"AND-GUN-003312","Venkata Kaza","SAKHAMARU","Guntur","Thullur","Sugarcane",10.02,83.4,"Low",96.2,16.484317906939157,80.5072133621122,0.71,0.2,0.45,"{""pH"": 6.66, ""EC"": 1.54, ""Organic_Carbon"": 1.2, ""Nitrogen"": 200.0, ""Phosphorus"": 49.0, ""Potassium"": 373.0, ""Zinc"": 1.98, ""Iron"": 10.28, ""Copper"": 1.76, ""Boron"": 0.41, ""Soil_Type"": ""Loamy"", ""Irrigation_Type"": ""Rainfed"", ""Crop_Season"": ""Kharif"", ""Survey_Number"": ""AP-003312""}",NULL,NULL
"AND-GUN-007946","Krishna Kothapalli","SAKHAMARU","Guntur","Thullur","Jowar (Sorghum)",2.54,58.47,"High",88.3,16.49549330406597,80.47787461209188,0.36,0.45,0.38,"{""pH"": 6.02, ""EC"": 2.7, ""Organic_Carbon"": 0.74, ""Nitrogen"": 109.0, ""Phosphorus"": 59.0, ""Potassium"": 128.0, ""Zinc"": 3.31, ""Iron"": 12.16, ""Copper"": 0.6, ""Boron"": 2.27, ""Soil_Type"": ""Loamy"", ""Irrigation_Type"": ""Rainfed"", ""Crop_Season"": ""Rabi"", ""Survey_Number"": ""AP-007946""}",NULL,NULL
"AND-GUN-006714","Satyanarayana Kambhampati","PENURAKA","Guntur","Tadepalle","Mango",12.44,91.47,"Low",92.2,16.489824109670884,80.57236731944877,0.6,0.39,0.34,"{""pH"": 6.09, ""EC"": 0.29, ""Organic_Carbon"": 1.18, ""Nitrogen"": 201.0, ""Phosphorus"": 72.0, ""Potassium"": 346.0, ""Zinc"": 1.23, ""Iron"": 3.15, ""Copper"": 1.93, ""Boron"": 2.23, ""Soil_Type"": ""Sandy Loam"", ""Irrigation_Type"": ""Rainfed"", ""Crop_Season"": ""Kharif"", ""Survey_Number"": ""AP-006714""}",NULL,NULL
"AND-GUN-006788","Krishna Nandamuri","PENURAKA","Guntur","Tadepalle","Banana",12.17,90.57,"Low",86.1,16.478042008449687,80.56407079014576,0.49,0.33,0.28,"{""pH"": 7.59, ""EC"": 0.93, ""Organic_Carbon"": 1.06, ""Nitrogen"": 118.0, ""Phosphorus"": 70.0, ""Potassium"": 469.0, ""Zinc"": 2.65, ""Iron"": 8.21, ""Copper"": 1.77, ""Boron"": 2.47, ""Soil_Type"": ""Clay Loam"", ""Irrigation_Type"": ""Drip"", ""Crop_Season"": ""Kharif"", ""Survey_Number"": ""AP-006788""}",NULL,NULL
"AND-GUN-006895","Srinu Rao","PENURAKA","Guntur","Tadepalle","Tomato",7.63,75.43,"Medium",91.2,16.486866992156244,80.56997171749732,0.77,0.43,0.21,"{""pH"": 6.5, ""EC"": 2.02, ""Organic_Carbon"": 0.88, ""Nitrogen"": 246.0, ""Phosphorus"": 61.0, ""Potassium"": 478.0, ""Zinc"": 0.57, ""Iron"": 4.15, ""Copper"": 0.16, ""Boron"": 1.74, ""Soil_Type"": ""Sandy"", ""Irrigation_Type"": ""Canal"", ""Crop_Season"": ""Kharif"", ""Survey_Number"": ""AP-006895""}",NULL,NULL
"AND-GUN-007464","Prasad Pothineni","PENURAKA","Guntur","Tadepalle","Oil Palm",5.84,69.47,"Medium",96.0,16.486417555278894,80.57379228937572,0.76,0.36,0.4,"{""pH"": 8.73, ""EC"": 1.42, ""Organic_Carbon"": 0.7, ""Nitrogen"": 412.0, ""Phosphorus"": 50.0, ""Potassium"": 125.0, ""Zinc"": 0.26, ""Iron"": 9.29, ""Copper"": 0.43, ""Boron"": 0.67, ""Soil_Type"": ""Silty Loam"", ""Irrigation_Type"": ""Canal"", ""Crop_Season"": ""Kharif"", ""Survey_Number"": ""AP-007464""}",NULL,NULL
"AND-GUN-004409","Parvathi Nimmagadda","UNDAVALLI","Guntur","Tadepalle","Ragi (Finger Millet)",6.04,70.13,"Medium",85.4,16.50685822761757,80.57965444341093,0.41,0.26,0.48,"{""pH"": 7.96, ""EC"": 0.2, ""Organic_Carbon"": 1.45, ""Nitrogen"": 287.0, ""Phosphorus"": 79.0, ""Potassium"": 142.0, ""Zinc"": 2.75, ""Iron"": 4.08, ""Copper"": 0.53, ""Boron"": 0.29, ""Soil_Type"": ""Clay"", ""Irrigation_Type"": ""Canal"", ""Crop_Season"": ""Rabi"", ""Survey_Number"": ""AP-004409""}",NULL,NULL
"AND-GUN-006149","Appa Rao Rao","UNDAVALLI","Guntur","Tadepalle","Turmeric",9.56,81.87,"Low",98.2,16.475289863109733,80.58286817903526,0.74,0.24,0.36,"{""pH"": 6.43, ""EC"": 2.1, ""Organic_Carbon"": 0.74, ""Nitrogen"": 163.0, ""Phosphorus"": 21.0, ""Potassium"": 478.0, ""Zinc"": 1.59, ""Iron"": 2.36, ""Copper"": 1.22, ""Boron"": 1.31, ""Soil_Type"": ""Loamy"", ""Irrigation_Type"": ""Sprinkler"", ""Crop_Season"": ""Kharif"", ""Survey_Number"": ""AP-006149""}",NULL,NULL
"AND-GUN-006510","Subba Rao Goud","UNDAVALLI","Guntur","Tadepalle","Tobacco",10.41,84.7,"Low",95.8,16.49718294200932,80.57433463995362,0.55,0.31,0.37,"{""pH"": 5.8, ""EC"": 1.72, ""Organic_Carbon"": 1.22, ""Nitrogen"": 314.0, ""Phosphorus"": 66.0, ""Potassium"": 419.0, ""Zinc"": 1.97, ""Iron"": 14.79, ""Copper"": 1.34, ""Boron"": 1.53, ""Soil_Type"": ""Sandy Loam"", ""Irrigation_Type"": ""Borewell"", ""Crop_Season"": ""Rabi"", ""Survey_Number"": ""AP-006510""}",NULL,NULL
"AND-GUN-009264","Srinivas Goud","UNDAVALLI","Guntur","Tadepalle","Sesame (Til)",9.68,82.27,"Low",90.1,16.510587160819263,80.59482049026097,0.67,0.34,0.3,"{""pH"": 8.48, ""EC"": 0.74, ""Organic_Carbon"": 0.33, ""Nitrogen"": 119.0, ""Phosphorus"": 65.0, ""Potassium"": 372.0, ""Zinc"": 0.21, ""Iron"": 2.36, ""Copper"": 0.54, ""Boron"": 2.5, ""Soil_Type"": ""Sandy Loam"", ""Irrigation_Type"": ""Drip"", ""Crop_Season"": ""Rabi"", ""Survey_Number"": ""AP-009264""}",NULL,NULL
"AND-GUN-000130","Babu Yarlagadda","Anantavaram","Guntur","Thullur","Sweet Orange",7.91,76.37,"Medium",85.4,16.517641631838302,80.41223321715316,0.74,0.53,0.29,"{""pH"": 7.74, ""EC"": 0.65, ""Organic_Carbon"": 0.41, ""Nitrogen"": 363.0, ""Phosphorus"": 64.0, ""Potassium"": 590.0, ""Zinc"": 3.1, ""Iron"": 8.47, ""Copper"": 0.27, ""Boron"": 1.04, ""Soil_Type"": ""Loamy"", ""Irrigation_Type"": ""Drip"", ""Crop_Season"": ""Kharif"", ""Survey_Number"": ""AP-000130""}",NULL,NULL
"AND-GUN-005743","Bhavani Mekapati","Anantavaram","Guntur","Thullur","Maize",12.57,91.9,"Low",98.3,16.502830533294723,80.41086666409534,0.46,0.26,0.23,"{""pH"": 8.53, ""EC"": 0.45, ""Organic_Carbon"": 0.24, ""Nitrogen"": 248.0, ""Phosphorus"": 50.0, ""Potassium"": 555.0, ""Zinc"": 1.37, ""Iron"": 3.35, ""Copper"": 0.16, ""Boron"": 0.5, ""Soil_Type"": ""Clay"", ""Irrigation_Type"": ""Canal"", ""Crop_Season"": ""Rabi"", ""Survey_Number"": ""AP-005743""}",NULL,NULL
"AND-GUN-003248","Suresh Kothapalli","Tulluru","Guntur","Thullur","Sunflower",6.47,71.57,"Medium",92.6,16.501950947313148,80.44958270190887,0.71,0.6,0.34,"{""pH"": 6.85, ""EC"": 2.32, ""Organic_Carbon"": 0.88, ""Nitrogen"": 359.0, ""Phosphorus"": 79.0, ""Potassium"": 480.0, ""Zinc"": 2.19, ""Iron"": 2.11, ""Copper"": 1.56, ""Boron"": 1.34, ""Soil_Type"": ""Sandy Loam"", ""Irrigation_Type"": ""Rainfed"", ""Crop_Season"": ""Rabi"", ""Survey_Number"": ""AP-003248""}",NULL,NULL
"AND-GUN-005430","Rambabu Kodali","Tulluru","Guntur","Thullur","Ragi (Finger Millet)",10.88,86.27,"Low",97.8,16.496045333714644,80.4514132791289,0.32,0.34,0.45,"{""pH"": 5.7, ""EC"": 2.14, ""Organic_Carbon"": 0.72, ""Nitrogen"": 118.0, ""Phosphorus"": 16.0, ""Potassium"": 544.0, ""Zinc"": 3.18, ""Iron"": 5.72, ""Copper"": 0.85, ""Boron"": 2.4, ""Soil_Type"": ""Clay Loam"", ""Irrigation_Type"": ""Drip"", ""Crop_Season"": ""Kharif"", ""Survey_Number"": ""AP-005430""}",NULL,NULL
"AND-GUN-001102","Anand Kodali","VELGAPUDI","Guntur","Thullur","Tomato",14.55,98.5,"Low",86.2,16.50081898438793,80.51531192567411,0.37,0.51,0.47,"{""pH"": 6.25, ""EC"": 1.68, ""Organic_Carbon"": 0.46, ""Nitrogen"": 450.0, ""Phosphorus"": 59.0, ""Potassium"": 161.0, ""Zinc"": 1.28, ""Iron"": 5.19, ""Copper"": 1.01, ""Boron"": 0.34, ""Soil_Type"": ""Sandy Loam"", ""Irrigation_Type"": ""Canal"", ""Crop_Season"": ""Kharif"", ""Survey_Number"": ""AP-001102""}",NULL,NULL
"AND-GUN-009548","Ramakrishna Konidela","VELGAPUDI","Guntur","Thullur","Maize",0.98,53.27,"High",89.2,16.504061179215885,80.5211669450284,0.74,0.21,0.22,"{""pH"": 7.39, ""EC"": 0.34, ""Organic_Carbon"": 0.47, ""Nitrogen"": 379.0, ""Phosphorus"": 49.0, ""Potassium"": 386.0, ""Zinc"": 3.0, ""Iron"": 10.46, ""Copper"": 1.98, ""Boron"": 2.2, ""Soil_Type"": ""Sandy Loam"", ""Irrigation_Type"": ""Sprinkler"", ""Crop_Season"": ""Kharif"", ""Survey_Number"": ""AP-009548""}",NULL,NULL
"AND-GUN-008373","Saraswathi Kothapalli","MALKAPURAM","Guntur","Thullur","Oil Palm",6.25,70.83,"Medium",97.9,16.49935795658274,80.52187187972481,0.77,0.44,0.34,"{""pH"": 5.25, ""EC"": 2.84, ""Organic_Carbon"": 0.84, ""Nitrogen"": 310.0, ""Phosphorus"": 42.0, ""Potassium"": 302.0, ""Zinc"": 1.19, ""Iron"": 8.1, ""Copper"": 0.97, ""Boron"": 2.38, ""Soil_Type"": ""Sandy"", ""Irrigation_Type"": ""Rainfed"", ""Crop_Season"": ""Zaid"", ""Survey_Number"": ""AP-008373""}",NULL,NULL
"AND-GUN-008731","Babu Ghattamaneni","MALKAPURAM","Guntur","Thullur","Banana",3.05,60.17,"Medium",95.3,16.48192608190479,80.52288358619985,0.4,0.28,0.25,"{""pH"": 7.16, ""EC"": 2.67, ""Organic_Carbon"": 0.35, ""Nitrogen"": 345.0, ""Phosphorus"": 38.0, ""Potassium"": 411.0, ""Zinc"": 2.25, ""Iron"": 11.44, ""Copper"": 0.33, ""Boron"": 0.97, ""Soil_Type"": ""Silty Loam"", ""Irrigation_Type"": ""Drip"", ""Crop_Season"": ""Kharif"", ""Survey_Number"": ""AP-008731""}",NULL,NULL
"AND-GUN-001804","Suresh Golla","KONDARAJUPALEM","Guntur","Thullur","Black Gram (Urad)",4.8,66.0,"Medium",85.9,16.537760907249034,80.49358746184414,0.44,0.26,0.25,"{""pH"": 6.42, ""EC"": 0.75, ""Organic_Carbon"": 0.99, ""Nitrogen"": 143.0, ""Phosphorus"": 12.0, ""Potassium"": 82.0, ""Zinc"": 0.39, ""Iron"": 2.28, ""Copper"": 1.45, ""Boron"": 1.66, ""Soil_Type"": ""Clay"", ""Irrigation_Type"": ""Rainfed"", ""Crop_Season"": ""Rabi"", ""Survey_Number"": ""AP-001804""}",NULL,NULL
"AND-GUN-003171","Krishna Rao","LINGAYAPALEM","Guntur","Thullur","Turmeric",10.0,83.33,"Low",86.2,16.55647015437086,80.50506425325453,0.63,0.43,0.3,"{""pH"": 5.91, ""EC"": 2.34, ""Organic_Carbon"": 1.48, ""Nitrogen"": 391.0, ""Phosphorus"": 67.0, ""Potassium"": 417.0, ""Zinc"": 3.36, ""Iron"": 6.89, ""Copper"": 1.46, ""Boron"": 0.73, ""Soil_Type"": ""Clay Loam"", ""Irrigation_Type"": ""Rainfed"", ""Crop_Season"": ""Rabi"", ""Survey_Number"": ""AP-003171""}",NULL,NULL
"AND-GUN-005763","Ramesh Bandi","Vaddamanu","Guntur","Thullur","Banana",14.14,97.13,"Low",94.4,16.531561767391413,80.42558654520289,0.51,0.43,0.47,"{""pH"": 6.56, ""EC"": 0.97, ""Organic_Carbon"": 0.73, ""Nitrogen"": 313.0, ""Phosphorus"": 72.0, ""Potassium"": 494.0, ""Zinc"": 1.79, ""Iron"": 14.56, ""Copper"": 0.62, ""Boron"": 1.33, ""Soil_Type"": ""Silty Loam"", ""Irrigation_Type"": ""Drip"", ""Crop_Season"": ""Rabi"", ""Survey_Number"": ""AP-005763""}",NULL,NULL
"AND-GUN-009064","Saraswathi Kambhampati","Vaddamanu","Guntur","Thullur","Black Gram (Urad)",6.19,70.63,"Medium",87.7,16.529500063582848,80.43515816347394,0.53,0.31,0.24,"{""pH"": 7.3, ""EC"": 1.05, ""Organic_Carbon"": 0.91, ""Nitrogen"": 402.0, ""Phosphorus"": 78.0, ""Potassium"": 83.0, ""Zinc"": 2.9, ""Iron"": 6.82, ""Copper"": 0.36, ""Boron"": 2.19, ""Soil_Type"": ""Silty Loam"", ""Irrigation_Type"": ""Canal"", ""Crop_Season"": ""Kharif"", ""Survey_Number"": ""AP-009064""}",NULL,NULL
"AND-GUN-001690","Ramakrishna Chowdary","UDDANDRAYANIPALEM","Guntur","Thullur","Paddy (Rice)",11.59,88.63,"Low",94.4,16.533649626707323,80.5408604368547,0.57,0.34,0.25,"{""pH"": 7.66, ""EC"": 0.63, ""Organic_Carbon"": 0.79, ""Nitrogen"": 183.0, ""Phosphorus"": 22.0, ""Potassium"": 277.0, ""Zinc"": 2.89, ""Iron"": 14.64, ""Copper"": 1.44, ""Boron"": 0.83, ""Soil_Type"": ""Sandy"", ""Irrigation_Type"": ""Canal"", ""Crop_Season"": ""Rabi"", ""Survey_Number"": ""AP-001690""}",NULL,NULL
"AND-GUN-000737","Suresh Nandamuri","Abbarajupalem","Guntur","Thullur","Chilli",6.19,70.63,"Medium",94.3,16.549942347420608,80.46615870154564,0.72,0.42,0.48,"{""pH"": 6.41, ""EC"": 0.52, ""Organic_Carbon"": 0.61, ""Nitrogen"": 104.0, ""Phosphorus"": 45.0, ""Potassium"": 91.0, ""Zinc"": 2.57, ""Iron"": 4.78, ""Copper"": 1.18, ""Boron"": 0.87, ""Soil_Type"": ""Clay"", ""Irrigation_Type"": ""Canal"", ""Crop_Season"": ""Kharif"", ""Survey_Number"": ""AP-000737""}",NULL,NULL
"AND-GUN-000771","Mahesh Goud","Abbarajupalem","Guntur","Thullur","Tomato",2.1,57.0,"High",96.5,16.548322411625335,80.46373370745329,0.34,0.53,0.34,"{""pH"": 7.66, ""EC"": 0.68, ""Organic_Carbon"": 0.82, ""Nitrogen"": 248.0, ""Phosphorus"": 17.0, ""Potassium"": 584.0, ""Zinc"": 1.41, ""Iron"": 5.58, ""Copper"": 0.83, ""Boron"": 2.02, ""Soil_Type"": ""Clay Loam"", ""Irrigation_Type"": ""Canal"", ""Crop_Season"": ""Rabi"", ""Survey_Number"": ""AP-000771""}",NULL,NULL
"AND-GUN-003449","Satyanarayana Daggubati","Abbarajupalem","Guntur","Thullur","Tomato",9.1,80.33,"Low",96.7,16.543441379454247,80.45934694821113,0.72,0.31,0.29,"{""pH"": 6.88, ""EC"": 0.28, ""Organic_Carbon"": 0.23, ""Nitrogen"": 427.0, ""Phosphorus"": 32.0, ""Potassium"": 157.0, ""Zinc"": 2.08, ""Iron"": 12.97, ""Copper"": 0.86, ""Boron"": 1.1, ""Soil_Type"": ""Clay Loam"", ""Irrigation_Type"": ""Rainfed"", ""Crop_Season"": ""Rabi"", ""Survey_Number"": ""AP-003449""}",NULL,NULL
"AND-GUN-006658","Narasimha Kaza","Borupalem","Guntur","Thullur","Maize",5.15,67.17,"Medium",88.4,16.55790647197562,80.45949847445593,0.54,0.23,0.45,"{""pH"": 6.8, ""EC"": 0.68, ""Organic_Carbon"": 0.83, ""Nitrogen"": 140.0, ""Phosphorus"": 48.0, ""Potassium"": 128.0, ""Zinc"": 1.48, ""Iron"": 5.15, ""Copper"": 1.1, ""Boron"": 1.97, ""Soil_Type"": ""Loamy"", ""Irrigation_Type"": ""Canal"", ""Crop_Season"": ""Rabi"", ""Survey_Number"": ""AP-006658""}",NULL,NULL
"AND-GUN-000911","Rambabu Nimmagadda","MEDIKONDURU","Guntur","Medikonduru","Ragi (Finger Millet)",9.06,80.2,"Low",91.3,16.353824616855466,80.28735066305171,0.6,0.47,0.4,"{""pH"": 5.98, ""EC"": 0.75, ""Organic_Carbon"": 1.08, ""Nitrogen"": 267.0, ""Phosphorus"": 73.0, ""Potassium"": 548.0, ""Zinc"": 2.36, ""Iron"": 4.6, ""Copper"": 1.66, ""Boron"": 2.32, ""Soil_Type"": ""Sandy"", ""Irrigation_Type"": ""Borewell"", ""Crop_Season"": ""Rabi"", ""Survey_Number"": ""AP-000911""}",NULL,NULL
"AND-GUN-005394","Ramakrishna Rao","MEDIKONDURU","Guntur","Medikonduru","Bajra (Pearl Millet)",8.96,79.87,"Medium",85.2,16.339163918008236,80.30376407909353,0.36,0.52,0.3,"{""pH"": 7.38, ""EC"": 0.12, ""Organic_Carbon"": 0.63, ""Nitrogen"": 239.0, ""Phosphorus"": 27.0, ""Potassium"": 115.0, ""Zinc"": 2.75, ""Iron"": 2.03, ""Copper"": 1.29, ""Boron"": 1.81, ""Soil_Type"": ""Sandy Loam"", ""Irrigation_Type"": ""Rainfed"", ""Crop_Season"": ""Zaid"", ""Survey_Number"": ""AP-005394""}",NULL,NULL
"AND-GUN-008186","Sai Mekapati","MEDIKONDURU","Guntur","Medikonduru","Paddy (Rice)",2.66,58.87,"High",89.2,16.33739963784394,80.2825926498851,0.48,0.42,0.25,"{""pH"": 5.07, ""EC"": 2.66, ""Organic_Carbon"": 0.82, ""Nitrogen"": 390.0, ""Phosphorus"": 30.0, ""Potassium"": 402.0, ""Zinc"": 2.49, ""Iron"": 2.41, ""Copper"": 1.37, ""Boron"": 1.17, ""Soil_Type"": ""Sandy"", ""Irrigation_Type"": ""Drip"", ""Crop_Season"": ""Kharif"", ""Survey_Number"": ""AP-008186""}",NULL,NULL
"AND-GUN-008975","Mahesh Akkineni","KORRAPADU","Guntur","Medikonduru","Green Gram (Moong)",6.73,72.43,"Medium",89.4,16.37877067681263,80.23451596409699,0.3,0.42,0.21,"{""pH"": 6.47, ""EC"": 1.63, ""Organic_Carbon"": 1.36, ""Nitrogen"": 367.0, ""Phosphorus"": 45.0, ""Potassium"": 323.0, ""Zinc"": 1.09, ""Iron"": 14.61, ""Copper"": 0.34, ""Boron"": 2.25, ""Soil_Type"": ""Loamy"", ""Irrigation_Type"": ""Drip"", ""Crop_Season"": ""Zaid"", ""Survey_Number"": ""AP-008975""}",NULL,NULL
"AND-GUN-009117","Appa Rao Nimmagadda","MOTADAKA","Guntur","Tadikonda","Groundnut",9.24,80.8,"Low",88.1,16.47005464023599,80.38951361452123,0.64,0.32,0.35,"{""pH"": 7.62, ""EC"": 2.01, ""Organic_Carbon"": 0.59, ""Nitrogen"": 408.0, ""Phosphorus"": 29.0, ""Potassium"": 361.0, ""Zinc"": 0.38, ""Iron"": 3.41, ""Copper"": 1.97, ""Boron"": 2.31, ""Soil_Type"": ""Sandy Loam"", ""Irrigation_Type"": ""Borewell"", ""Crop_Season"": ""Rabi"", ""Survey_Number"": ""AP-009117""}",NULL,NULL
"AND-GUN-002815","Prasad Allu","SEKURU","Guntur","Chebrolu","Ragi (Finger Millet)",8.69,78.97,"Medium",86.0,16.265396709238974,80.57557894272104,0.34,0.28,0.23,"{""pH"": 8.01, ""EC"": 2.05, ""Organic_Carbon"": 1.26, ""Nitrogen"": 321.0, ""Phosphorus"": 54.0, ""Potassium"": 529.0, ""Zinc"": 1.64, ""Iron"": 14.61, ""Copper"": 0.64, ""Boron"": 0.11, ""Soil_Type"": ""Silty Loam"", ""Irrigation_Type"": ""Canal"", ""Crop_Season"": ""Kharif"", ""Survey_Number"": ""AP-002815""}",NULL,NULL
"AND-GUN-006720","Bhavani Rao","SEKURU","Guntur","Chebrolu","Chilli",4.72,65.73,"Medium",89.8,16.27956128625394,80.5571571823222,0.58,0.3,0.36,"{""pH"": 5.32, ""EC"": 1.84, ""Organic_Carbon"": 1.16, ""Nitrogen"": 431.0, ""Phosphorus"": 37.0, ""Potassium"": 251.0, ""Zinc"": 0.83, ""Iron"": 7.18, ""Copper"": 0.33, ""Boron"": 2.03, ""Soil_Type"": ""Clay"", ""Irrigation_Type"": ""Canal"", ""Crop_Season"": ""Zaid"", ""Survey_Number"": ""AP-006720""}",NULL,NULL
"AND-GUN-008499","Venkatesh Akkineni","SEKURU","Guntur","Chebrolu","Horse Gram",2.97,59.9,"High",95.8,16.285228791807736,80.57256081044724,0.75,0.55,0.21,"{""pH"": 6.19, ""EC"": 1.02, ""Organic_Carbon"": 1.31, ""Nitrogen"": 253.0, ""Phosphorus"": 60.0, ""Potassium"": 226.0, ""Zinc"": 2.19, ""Iron"": 9.13, ""Copper"": 0.73, ""Boron"": 2.29, ""Soil_Type"": ""Sandy"", ""Irrigation_Type"": ""Sprinkler"", ""Crop_Season"": ""Zaid"", ""Survey_Number"": ""AP-008499""}",NULL,NULL
"AND-GUN-002865","Kiran Kambhampati","DUGGIRALA","Guntur","Duggirala","Sweet Orange",6.83,72.77,"Medium",96.1,16.31952725754616,80.64447381505931,0.44,0.29,0.46,"{""pH"": 6.5, ""EC"": 2.6, ""Organic_Carbon"": 1.39, ""Nitrogen"": 270.0, ""Phosphorus"": 55.0, ""Potassium"": 385.0, ""Zinc"": 1.04, ""Iron"": 9.54, ""Copper"": 1.55, ""Boron"": 1.5, ""Soil_Type"": ""Loamy"", ""Irrigation_Type"": ""Sprinkler"", ""Crop_Season"": ""Kharif"", ""Survey_Number"": ""AP-002865""}",NULL,NULL
"AND-GUN-003492","Srinivas Bandi","DUGGIRALA","Guntur","Duggirala","Maize",9.3,81.0,"Low",96.4,16.336502214584446,80.64662515129417,0.6,0.58,0.33,"{""pH"": 8.36, ""EC"": 0.91, ""Organic_Carbon"": 0.28, ""Nitrogen"": 108.0, ""Phosphorus"": 6.0, ""Potassium"": 198.0, ""Zinc"": 0.57, ""Iron"": 2.86, ""Copper"": 0.91, ""Boron"": 2.1, ""Soil_Type"": ""Sandy"", ""Irrigation_Type"": ""Drip"", ""Crop_Season"": ""Rabi"", ""Survey_Number"": ""AP-003492""}",NULL,NULL
"AND-GUN-003553","Srinu Ghattamaneni","DUGGIRALA","Guntur","Duggirala","Jowar (Sorghum)",8.92,79.73,"Medium",89.7,16.321532698507312,80.64046227888221,0.65,0.5,0.34,"{""pH"": 5.48, ""EC"": 2.13, ""Organic_Carbon"": 0.83, ""Nitrogen"": 313.0, ""Phosphorus"": 52.0, ""Potassium"": 325.0, ""Zinc"": 2.86, ""Iron"": 4.26, ""Copper"": 0.96, ""Boron"": 1.37, ""Soil_Type"": ""Clay Loam"", ""Irrigation_Type"": ""Rainfed"", ""Crop_Season"": ""Rabi"", ""Survey_Number"": ""AP-003553""}",NULL,NULL
"AND-GUN-001777","Lakshmi Daggubati","MANDADAM","Guntur","Thullur","Bajra (Pearl Millet)",10.48,84.93,"Low",98.4,16.501346740904083,80.52644760764382,0.64,0.43,0.23,"{""pH"": 6.32, ""EC"": 2.64, ""Organic_Carbon"": 0.3, ""Nitrogen"": 221.0, ""Phosphorus"": 15.0, ""Potassium"": 423.0, ""Zinc"": 0.92, ""Iron"": 2.67, ""Copper"": 1.23, ""Boron"": 1.14, ""Soil_Type"": ""Clay"", ""Irrigation_Type"": ""Sprinkler"", ""Crop_Season"": ""Kharif"", ""Survey_Number"": ""AP-001777""}",NULL,NULL
"AND-GUN-006410","Ramakrishna Bandi","MANDADAM","Guntur","Thullur","Red Gram (Pigeon Pea)",14.14,97.13,"Low",90.8,16.49636381491097,80.5268904919424,0.48,0.44,0.3,"{""pH"": 6.31, ""EC"": 1.22, ""Organic_Carbon"": 1.2, ""Nitrogen"": 328.0, ""Phosphorus"": 42.0, ""Potassium"": 185.0, ""Zinc"": 3.17, ""Iron"": 3.1, ""Copper"": 0.3, ""Boron"": 2.27, ""Soil_Type"": ""Silty Loam"", ""Irrigation_Type"": ""Drip"", ""Crop_Season"": ""Zaid"", ""Survey_Number"": ""AP-006410""}",NULL,NULL
